"PC1","PC2","PC3","PC4","PC5","PC6","PC7","PC8","PC9","PC10","PC11","PC12","Y"
3.1755051928040023,0.3561717454653717,-2.727466034394084,1.059856668759138,-0.5864918182367506,-2.116134941158045,-1.4802985354018627,0.5150216730461852,-0.9092340458217596,0.9579315992053238,1.4538235183658477,0.9221101837603762,1
2.7623984975023577,0.6144148926705654,-3.066434882820424,-0.4514109354667386,0.0524594563439662,-1.4870084179245784,0.3444350659750993,0.7822798822534789,-0.4998043809273029,-0.4456875006679718,0.0329071432270325,-1.7208884600108485,1
3.430037997035072,-0.8986356163458427,-2.046422991990584,-0.6453557169213461,-0.5257990057926556,-0.953909881676415,-0.6070869865964604,0.3977537267232856,-0.029930672292406,1.4193657948734384,2.1253396848174497,-0.4219152640635399,1
0.8437108145278153,-4.556251243992077,-0.0811227034813878,-0.3360020169723516,-1.198395673949389,0.0002246179960182,-0.0779289786817645,-0.4238828742083345,-0.3334788896445951,-0.0388705394536495,-2.125210125320422,0.5425762837664004,0
4.328967694335309,-0.4164088423936506,-1.3443788257150355,-0.3088790740894788,-0.2134348128334625,-1.1016960196758951,-0.5064879499819209,2.4632602801601573,-4.11453269663323,-2.378198901324839,2.2909880558416904,0.0441816224213218,1
4.048735482373277,-0.0568155036835758,0.144613626491039,-0.1140766791760527,0.5017329070541623,-0.4374626874388959,-0.8373920975851435,0.907583138962192,-0.7959712300203822,-2.0911311171048164,-0.0881609272689285,0.2226993837682827,1
0.2792029450172596,-1.206494177783645,0.1022961202438228,0.5231379155268213,1.240414399396885,-1.2933454396986968,-1.1144996926026736,-0.090678306753825,-0.1009462526110743,-0.8072660008579846,-0.0513315657209167,0.8387287622364356,1
3.499420524754083,-1.3033466724256269,-1.4678714434775852,0.6790123074931653,-0.6794626941958375,-0.3958930488772223,-0.6044102518193822,0.3514569855874892,0.8682736882759988,2.0597031683137748,1.563281977176621,0.2045958650126793,1
3.166673978325504,-1.6734164765282968,1.062065520906356,-0.2825583234048689,-2.707425458878741,-1.6682958044812244,-1.8225213032006649,1.5720220464136854,0.1716932101201283,0.0872688283411474,0.1930992065664172,-0.3754372309619428,1
3.564754549806531,-2.6185991108872444,2.945884038823268,3.637681469906374,-0.2461534018465925,2.2957065716808005,-0.322217419843077,2.125363344657482,-0.2531064028325194,1.2443639788741605,0.901988370638729,0.343885787130793,1
1.9347726198782969,-2.1255955859832905,3.02365648700504,-0.3514590669639794,-0.9288762363289996,-1.1285510059388555,-1.6096804031632588,1.6618646398474357,0.9491823860674716,0.7137320489682626,-0.2987573141860917,0.7765046601817891,1
0.0859054751852312,-4.379041316579855,0.0128248227892255,-0.2269340484695978,-0.8816605108337136,0.5858881175780893,0.3374767201573706,-0.0496351341956736,-0.0086222050003516,0.513046198000312,-2.241635374566353,1.740089286150881,0
3.543308293778641,-0.2330589399550688,-1.4196513375867417,-0.1497486606806854,-0.9387544802042446,-0.885119586554983,-0.0776814056806277,-1.2342646790722231,1.1272923163670332,0.7266609857713872,0.3977565265077066,-0.8155883249727767,1
3.908497854765236,-0.0652506992388426,-0.2114791454366115,3.2020530409531744,0.4808295167712256,-0.559768618210045,-1.235197653288233,0.5597575561519627,0.7379511500123785,-0.3381243835589475,-1.2327017799524145,0.2527666817371237,1
-3.8256641767682864,-5.62688573649152,-0.595808207005886,-0.4515579879868246,-1.3422399357848145,-0.6476227320536674,-0.6129911032373665,-0.8143614780852835,0.9742930340837658,0.7765990274625377,0.4121099391443856,-0.7914919685406259,0
0.9044480297656082,-2.773525458529736,-1.883065433117616,-0.5106208273435087,1.819726237034984,0.8822502050659895,0.6756238619029571,0.2846986642191805,-0.4124535136705864,0.0202874678896835,-0.7486052468337318,-0.4370620124779477,0
2.654842709800268,0.3004807994114632,-3.655963864975566,0.0001902609402076,0.0059132052264451,-1.9229220550122184,1.0082180010327602,-0.8941641265029,-0.1802857157591089,1.4648147643502532,0.2485002801753094,-0.1623862699424832,1
1.2665494188275948,-3.1069945172833893,2.55987459013314,-0.6238050512970534,-0.3519585497336512,-0.939534518952999,-0.1551323128272716,2.44462647318054,1.022821603773512,1.4725104887614742,0.6576614315927447,0.1007803322325577,1
1.4399049397632628,-1.751917882391649,2.6867953872592385,-0.9221977640310858,-0.5886439094429463,-0.8283663752716055,2.172523617122902,0.3064965707161497,0.0960885269176623,0.9504080305256772,-1.2738136353160523,0.3885853500945738,1
3.369384034264728,-0.7309658804736318,2.346335134194528,2.812836479510505,-0.9264367946516,0.6351105063282427,-0.9267050050809574,-1.6567925599335906,-0.5835118943415842,0.2074360182918658,-0.2712776155743063,0.8296108073177331,1
0.7563047379095821,-3.09578800037637,-2.7044282489507663,-0.3524500702483642,-0.0056053323284048,-0.0076862091895926,1.3230077834224363,-0.6462207680739223,-0.1148730072039513,1.01039418425966,-0.2902219262722199,0.4481251735703578,0
4.906206932527195,0.1916962318582856,3.298699652424907,-0.6575561183615327,-0.6347923471712297,2.0914218066588743,0.2400285839296046,0.1340844404816707,-0.2702385339245228,-0.83346227424542,-0.0462141869713317,-0.9100745369326952,1
4.13843212953171,-1.93862258085935,2.528483730791505,-0.2017886188556618,-1.2234017475767465,0.6616956602775707,-1.536643379721786,0.3620288361413594,0.1704328290601384,0.6041033762854472,2.5099906870169306,-0.7806193650111204,1
2.9570292256521102,1.70219959690379,-0.5463977092156667,-0.4662560390808153,0.4332220047167424,1.2729079413582316,0.6431338170364965,0.3891923458450352,-1.2629355966498912,-1.0910066467115018,0.3107663178695183,-0.8748970593798392,1
-1.399525780600149,-1.1558778085135035,-1.8655171140895377,-0.604509255405166,1.3240473303152895,3.0747574053308826,0.6917394907192039,1.4520909286689958,-0.1746399781872955,-0.8676372980351733,-1.1843922627553003,-0.3082064140865783,0
0.3030992865023159,-2.282148123258753,3.696265254182839,3.737089595363887,0.4235729097401449,0.0138658135758828,-1.1174420433353462,-0.8402498774591491,0.4958976258138812,0.6294261199611114,-0.4132168784876989,1.7218471291764892,1
2.084768644387034,0.5276391362072611,-0.7415924016333318,4.559884414372902,-0.4379701037875061,0.1926213291475673,2.4554643163476357,0.7191184178627307,3.841192089994365,-3.906398753771988,2.311814953224513,-0.1880392226960744,1
4.329549730282962,1.4346188128235355,1.3972672811244715,-1.545064753947177,3.366918912367587,4.349705551675651,0.1280326385425821,-0.5005541395281121,-0.0971668555500797,-0.5509891399276701,1.50042629097918,1.6066672531012456,1
3.008745048170927,0.4939591803340922,-1.1655970014549175,0.1555969510777983,-0.5849116174080792,-0.5206591602421189,-1.0026562322899042,-1.4390015972640031,-0.3319926546623218,-0.4700008140151585,0.0783514327265628,0.5895738254001054,1
3.2047366589498,1.3645339172165645,-0.5189515540395773,-0.7960580040053856,-0.735749449979316,0.1292147036522686,0.2955428566933581,-1.3511672275204507,-0.6168836003604299,0.0084907215002782,-0.0242908502958732,2.134747276946312,1
3.4449763292291906,1.6427678107311376,-0.0353617244614434,-1.779314096057082,-0.0820685917713728,1.457533929029298,-1.3853646684163423,1.2911553890483602,0.5645501448498349,0.388898827133704,1.936926802966784,-0.6206498760819249,1
3.2696074411227363,-0.4783430848790462,-1.8864606582162369,0.9710910596600452,-0.2903042529411789,-1.2695746004164372,-1.2175050795013982,-0.2389738073437619,-0.3323309859449373,-0.93672055980296,0.0965571127178667,0.2457777282035355,1
-6.170573307306708,-3.5850791311614105,1.7809569226426492,-0.2784200412039209,-0.2845866211269585,-1.0482488913579429,0.3511987259675103,0.2101437958909753,-2.5714922620014105,-1.3280182209309963,-0.1946071807837626,1.0051832861367558,0
5.021395743501472,-0.8772072269434891,0.033445130693401,-2.4016461142969163,4.081933098369297,6.727291444904321,0.0917578749781288,-1.4715517163855705,-0.9568870291118526,-0.2112142749027404,-0.3972858009899552,0.7092090141479261,0
-0.5445273754674406,-1.556680052068388,-1.487206911819689,-0.0110498651735714,0.6456087558066368,0.4682586072968075,0.2694275809333789,0.4856776617908779,0.67854717808447,-0.2989036811751192,-0.7292979399050031,-0.9282613679817764,0
1.127569106782378,1.3634952785309968,-0.427160802736838,-0.8938164368760572,0.1153531944925429,0.0941856865003378,-0.6015923337014744,-1.288342181645143,1.4042442456767297,0.1786181030975159,0.5240899392799473,-1.034916067357185,1
0.2207530141773893,-4.680245145152353,0.3788326429666457,-0.2184623489358257,-1.2176315732325094,0.3076202286059135,-0.4232996600997262,1.8138375788859105,0.0580032726585905,1.112189703143713,0.601847428322066,-0.5911548747128593,0
-0.9198444174833974,1.9538860625655676,-1.0236845690208485,0.2231679711560464,-0.7035443714150893,0.7924104989134831,-0.0438183023500529,0.088584755673195,1.1108126140823114,-0.0383110366293984,-0.0599580401572952,-0.6368883696105934,1
2.0673936603445973,1.2309764779150223,-1.2325403888342548,0.3317622143305194,-1.032433804064524,-0.5567295846388032,1.0912403720415282,0.3154068828480046,-1.3795711412453042,-0.4748936281423899,-1.172338715465373,1.5475676758624348,1
2.1728123221052407,0.1586697292136936,2.0100481165299264,-0.931220301612958,-1.3300111054583306,0.7468220404034559,0.6121950419955136,0.5333081660796553,-0.92007206996728,-1.082037039809757,-0.4202220143302004,-1.6969887941896034,1
2.548445107583324,0.8593613385294062,-0.569416918255678,-1.3670897141898628,-0.303884427624368,-0.6021668904397802,-0.4271722507560517,-1.169040286726343,1.0521018862078786,0.082909002012952,-0.3725636479737708,1.5788685414555352,1
-0.3157573522332141,-2.3162361948614505,0.940539005476623,-0.936034063836482,-0.7595200604484479,1.3054113858267526,0.8227631777846195,-2.0090636018311705,-0.6036611091586499,1.0723763449663164,-0.0919357116608613,0.0152757031554707,0
2.323788296908853,-3.170314254494843,-1.8015765026242248,-1.0739835895641232,0.6979180987868567,1.565813726582046,-1.169558952390116,1.8302912583434507,0.0579013054158217,0.6545562141320528,0.0010317711033615,2.18913820987129,0
1.8430936316109103,0.4622713134856339,0.6966565371127428,-0.132790342754381,-1.6786314942571046,-0.8237079252974624,-0.1735294922689312,-0.199600096776996,-0.9236335651193358,-0.4683686365653904,-1.4283950014168951,-0.0094039678134355,1
-0.5438087091474141,0.5001968947704046,2.840058281356312,2.769330899223786,1.0981870627531778,-0.4898856564994006,-0.6369824351933238,-1.156709367032817,-0.5004901190792336,-0.0111916780713124,1.0281143105236186,-1.498709151866176,1
-0.6891674523126429,0.7678476316277849,-0.3799990407358706,-0.0445543903934749,-1.3586663431972874,-0.4456066461704147,2.494470946972383,-0.9994242929688476,-5.18698037732278,-1.4298395916471291,2.2023795401200683,-0.4923224010717678,1
0.4120748306542677,-3.1667529331188704,-2.64456774683644,-0.0554769916366894,-0.1918432474352032,-0.2142880160158255,-1.168877998972039,0.3166488019903529,0.722365531927929,-0.5461597895220585,-1.4479361306135774,0.3747785764152991,0
0.4230939398408402,1.7573631333400137,-1.409083118418995,0.0035549391078207,-0.7962349762748476,-0.1376210132082577,1.3809206906712448,-0.1631336349838915,-0.4672111674445364,0.5552950359507586,-0.216823661488228,-0.024730866984417,1
0.0180374444168684,-0.9682237219452354,-1.89174477073375,-0.9844471921584144,1.4095821503432364,2.503468764782868,-0.9851410989185228,-1.876155913758725,0.0079771058601155,-0.3602517685709582,0.5676528521951623,-1.266016747974286,0
2.449338631185328,-2.026125540376235,2.8730877224708022,-0.4862760223508064,-0.7661685259695092,-1.4864827650445087,0.3101082323993221,-1.2601320608338231,1.3027965239011128,1.1313289631192465,-0.0491597526999756,-0.4926120703891302,1
1.2005703043005147,0.8929105466685338,0.6890024187637255,-1.2232734009306203,0.924882159005756,-0.9187723837723112,1.279797708263256,0.1565874464536403,0.8273842091473362,0.2663186106389618,-0.4076998733053342,0.0172488637010899,1
-4.745838623391794,-4.338118451498928,1.0669015041798633,-0.3576721677496268,1.5986077154850151,-0.1987348625535267,0.0154829241854375,1.3153511183930762,-2.559610228883044,-2.636632700657572,1.2752678541923894,-1.7847453512202816,0
0.4410916184919458,0.5484966745514179,1.52367102266869,-0.0282927742663999,-1.7557943032160137,0.0350316988051447,-0.3338553038872169,-0.1140593208690103,-0.7993464296037456,-0.6935976235744186,-1.2474215865039682,0.3239440524161034,1
2.849729135322009,0.0394935353348971,2.456440793121878,-0.920732208702742,-2.457126132295358,0.3845344873077587,-1.284917980152498,2.438789013487639,0.5664205327588867,0.1132471166053026,-0.7026779552109721,0.5795554692470134,1
1.944590604938765,-0.5236747988790826,2.273932485015046,-0.7510657960964451,-1.9786870253088955,0.7372522997415973,0.3081094450059942,2.003211305103962,-0.7770375193237273,0.4326362463318601,0.6418997189307887,-0.701331861745172,1
0.2957766209202519,0.1324369206406734,2.211355693105863,-0.3703998777541877,-1.7718399690943238,0.9079516442814288,1.4077802410183016,0.255270974177026,-0.356444835205998,0.2126678497383868,-0.5996909045748912,8.0497246857852e-05,1
1.5425489899667522,1.0756504452972937,0.962005957616865,0.1733878369649787,1.252824095436668,-1.2837978999759043,0.0625319440573457,0.3694373431490299,0.4529930721196749,0.0185748068055422,-1.7225622801633929,1.3908115028733896,1
-2.701624277191505,2.077843186238717,-1.4578458276165556,-0.9089175142717778,-0.7140151649077353,0.6913684388969344,0.3351288881099158,0.0086834479496188,0.1958389166982009,-0.3204898129882795,0.2107352593664922,-0.7024532449908076,1
-0.0920555379739823,2.0700289241348955,-1.1484259062649542,0.1189972145229619,-0.6577944059999584,0.2503231140224038,0.0232753561645908,0.4187368086267947,-0.2174649437440212,-0.1972857516622445,-1.195890660842973,1.546051453330374,1
-4.24114613111049,-4.103767719962479,1.6279178614711811,-0.8424643072391848,0.0859998032430844,-0.3077325710899832,0.0451092776908058,0.4495571943790575,-0.399001455638833,-0.2050528820221103,-1.5618841772752825,1.4816137242161516,0
2.339462703080585,0.1741727003034711,-1.2089761001970962,-0.5929519941324454,-0.4788917831550087,-0.0639210673049685,0.7559235991879407,-1.148234712265227,-0.1010022928799284,0.5331581293280426,0.6809569592680419,0.0225972447472435,1
0.7926126019891688,0.3124488555311583,0.4104963922591694,-0.0526780296400544,1.2870069669673492,-2.255553899165698,-0.5774335016567128,0.6934252391321712,-0.6391531411784477,1.0406534187808207,2.3727523509385247,-0.607003173874611,1
-2.4193586109254426,2.352491621674017,-1.1506955676333177,-0.0678916967848168,-0.6716586674633034,0.7536951383097181,0.2251690860915291,0.2025634231991516,0.1754874991536394,-0.4547609032493025,0.3398445222333001,-0.6509808082012155,1
-1.336876042508316,1.487421569294621,-1.3714437499355203,-1.377676820729166,-0.917609651479358,0.7550736769321593,-0.7957509024290458,1.4242334708901776,1.0538159304354917,1.074955428637782,1.3283803406278445,-0.2753482372305108,1
-2.960762002664624,-3.920126943114203,1.121369961148732,4.3130388026736535,-0.3950639725340999,1.2838442813249682,-0.5790344979758267,-1.2331330130131284,-0.1922944158793777,0.9694818626203592,0.2681534780030485,-0.6447209255376547,0
2.9554625596022897,1.4547832270707617,-0.6628910679673994,3.613775069282864,-0.0384092062226347,0.1446888770787892,-0.6732160382273196,-1.368830941566463,-0.7270588653011485,0.3041838350516053,-0.1303194998381244,1.1729867981989317,1
-2.674931369315634,-3.9821037932068113,-0.0712164275274125,-0.581856280270823,-1.3299925861096291,0.1910460445960143,0.0132394246829378,-1.663212965560462,-0.0637270662303308,1.1838411383755412,-1.119097022303147,2.142429742436927,0
1.564076846334165,1.6630778195235352,0.7774531440621141,-1.6096378037179164,1.4663508361867157,-1.2609129818070088,0.7849722993358241,-0.0258727399568023,0.6973198150735548,0.5832434828176566,-0.3184332170009551,-0.2952923068933907,1
0.9246890353633994,1.6779487023559445,1.2760814230801034,-0.3916918633430746,1.6805067070685438,-0.6284124940365143,0.9099496227946924,0.5344005914819306,-0.0762870775665075,-0.0638688243563954,-0.4576975210921007,-0.4565366392303924,1
2.805443851600428,2.536800020269995,0.5181167837923965,-0.2753120741163156,0.1926145697467869,2.0486916966547115,0.4025441540488668,1.1137283995401532,-0.3653527726476229,-1.213730472236622,0.0208689870624875,-0.5804494848313615,1
1.4640616469427017,-1.1166601453298797,1.8084918480181849,0.1641512277488415,0.3939485481171341,-1.9896156040544424,1.5056843823331587,1.0839625438188782,-3.913859411876321,-2.4882605256962766,0.1774893109432584,0.8561405774938005,1
2.140710842097036,1.2674016854526162,1.3435505930636904,0.2853063051568444,1.9275844419322208,-0.9861389829128234,0.0351201424388816,-0.9947642223392036,-0.0004283120324353,0.1673335692349903,0.7651521339227919,-0.5804080000656668,1
3.0967292941637683,2.0103617061023056,-0.2564736286253088,0.7184207315666971,-0.1022935484936087,0.6348277499002494,-0.0154646023108745,0.5720790486145406,-1.5635014870203592,-1.5539808501728811,-0.3823396691025267,1.045532961062956,1
-0.1176091981988883,1.5732056319075696,-0.3862639379331271,-0.5351510897796721,-0.2072044407106139,-0.4011009155406958,0.8144738583674896,-0.0569830397615886,-0.1213196819639643,0.1345741521365013,0.0247759903995844,-0.4479563204380407,1
-0.5033594694093313,-1.2687158635133415,-2.4748711885652623,-0.2068347326644435,-0.1659722934850207,-0.2194135795409117,-0.5489146648201387,0.1407902544341972,-1.2134080656596526,-1.2160188600227104,-0.9164926946873372,0.1005507029910935,0
0.3141098303025852,0.141429780249005,3.7473108530576456,-1.5918779500397993,-0.0923603166937157,0.3283481537278573,0.320337290379996,-0.4289359097479985,0.0122907659275785,-0.1964873024516293,-0.030404094700062,-0.8588273014271476,1
1.5759749042210431,1.1665282139039446,0.7575151468550761,-0.7780255627000713,1.2162804461305172,-1.758094348598148,-1.1864718506559049,0.3485540395759247,0.7818379489838835,-0.7999190090425817,-1.1884898694611965,-0.0484511170627296,1
1.1303520832358809,0.3640346904978439,2.123709276145416,-0.3602786371113446,-1.4637745884803124,0.4716508235097266,-0.4843622431540381,-0.5536072628878438,-1.4685023344151324,-1.2472743504068258,-0.3674427358021839,0.3465108146886712,1
2.2413027196390183,-2.7460102624938627,2.574411564156983,-1.3343842327008588,-1.2244365470024052,-1.2159743105598682,-0.1462340485105637,1.950337502245029,1.401746788186599,1.5809536690115045,0.3763728463162246,-0.3417513046351102,1
3.8074939501063874,-0.7190814289730341,-1.5121811583815084,-1.0433418003134227,-0.7239427273467186,0.0167487951286821,0.5540874017282803,1.9262790988881355,0.6905179450501651,1.7731289706563165,0.4746966193073519,0.5644668064369428,1
1.7553891674181643,1.1739770816296955,0.7192622046597624,-1.1057455810609482,1.517271275728768,-1.5862215493628196,0.6947765179148117,-1.1511190150289217,0.0021396532705014,0.6256004106717268,0.5133925403208586,-0.3012499853184414,1
2.934750820922693,0.9317946663178692,-0.9944656094474568,-0.7435975315819607,-0.3591745097090965,0.8327111663207601,-0.2976053788194339,0.4638841086818489,1.5020713726799042,-0.6264853983537251,-0.3580418647067995,-1.3038030384610688,1
5.893332315651242,-0.2115433393395495,-0.4356945574397429,-1.647682304035727,0.7127983849403946,1.810981733132529,-0.1027731103448261,1.9884332391325583,-1.0959685194547426,0.2141432555942527,0.5641163336342148,2.8442957016038792,1
1.808744288819472,0.938203320561786,0.3945300991990511,-0.4468992224511562,1.0959699555710871,-1.218915335675198,1.1478935768108327,0.1681833149636532,0.8186354065141878,0.9031352463451744,-1.2950444917018782,-0.3890786753004341,1
-1.0106977728347974,-3.578865316226722,1.89090263447082,3.1204072979663007,0.8498066146798746,-0.1683851575226875,0.7499242939261561,-1.4705081055192517,-0.2619929270393226,1.9190770272357247,-0.4640320336269019,0.0617133241611914,0
0.4298167491891478,1.3399934391814377,0.6815189823215233,-1.491186252021785,1.1558051358320354,-1.5963810440323736,0.2607011168786702,-1.272760505534337,0.8970455220474279,0.9562147509672136,0.2769276526598338,-0.4216904521639748,1
-2.2182383913340504,-3.0737425171962878,-3.2234906476976595,0.6874294060489331,0.1441348527720162,-0.3602630350072927,0.149697997244887,0.7466104826579151,-1.4377534563060916,-0.7581039310448086,-1.0221612250914511,1.2033225215460477,0
-0.315921428660989,1.8607142266754797,-0.988869464476796,0.0980614630694632,-0.705914515425507,1.0228847424604657,0.7004147282194366,1.582903429329368,0.4598445195904724,-0.8628799122401349,-1.0460787459167424,-1.055441643425766,1
2.0782802302497854,1.4498642478766266,-0.3681447888524842,3.247949183965713,-0.2108007845774854,0.6463216484970999,-0.8537384069610042,0.3834396411682086,0.9605745789215794,-0.0304738864371603,-0.2986274538141357,-1.7867582291646873,1
3.019567630119343,-1.1896644607268807,0.130095143684769,-0.2334516779395615,0.7286235640359452,-2.635133906891733,-1.1365515982130852,2.224436868454573,-0.4529037876073897,-0.1608586947055533,0.4864876266093505,0.4936609211810908,1
3.0352107526174392,0.4589269286102847,-1.163279231927637,-0.8373578624535,-0.9794960537661236,-0.7469989682852983,-0.1460987391250454,0.4100749712138277,-0.8187985069248284,-1.4569939774435752,-0.5742660652105601,0.3546618764404739,1
3.915326742702624,-0.7689500024493273,-1.243428085005929,-1.2429848660393117,-0.4299161594402504,0.1497305247821518,-1.6530650765100334,1.9087935630706288,0.4772890822256681,0.1729111062443138,0.4065467173335259,1.1180019131652024,1
-0.7569003358554444,-2.3657816076808587,2.404026377155444,-0.836713485882726,0.0697859358803765,-0.1294309129987674,-0.8979649399055255,0.3285837553212418,-0.1251557183762779,-1.05262069898265,-1.8381603298896565,-0.181063850506152,0
-3.0231507603901253,0.4957628950964886,1.4345397388627186,-0.075603715422506,-2.1400966711438,0.0872683215883288,0.1830004928929738,-0.4491145970143879,-0.964999823665527,-0.0668243367260289,-0.980113940753928,1.3485547157893705,1
0.7529572289704317,1.5231408471729737,-0.0004232863233943,-0.917035440594158,0.1596015819805696,-0.1640964128852256,-1.0135023087309003,0.3462060250373442,-1.0285499913053668,-2.0168996133666948,-0.2269023767162606,-0.1829333259924205,1
-0.6142136301655643,-0.7065606019472711,-0.0753174862552113,-1.84267352893661,2.731451597030679,-0.2907310898260838,-1.5268235288090233,-1.929841186471414,-0.5988401760880804,-0.4819176123163864,-0.2319134702895886,0.2778460798090464,0
2.0454240828809627,1.3917044363636388,-0.5502750497167087,0.4041995355006967,-0.6064872901594487,0.182435887037505,-0.6823592255800414,-1.2338652150241407,0.8272070712087497,0.1890428553179396,0.8101882292684411,-0.975308998093391,1
0.4320196943241274,1.7510508898735626,-0.3442359629083767,-0.1353911682693228,-0.4267473660896234,0.6739188910420482,-1.1433559142644452,0.6000778490647107,-0.3958838332991131,0.7621439802150081,2.8356475030819324,-0.1502352293521134,1
-0.6861921600718991,-2.3619871188502124,-2.376384384566974,-0.691533290172035,0.1036355475588654,-0.1687248960907742,-0.3638500369426392,-1.3189945348605827,-1.294596370778158,-0.8061325096083868,1.3113302531810058,-1.7272989638444385,0
-3.133495919731337,0.4800481635612645,1.439605000420568,0.1197282817659435,-1.7259781189970325,0.4548229719618889,1.512481467848459,-0.2092016310441952,-1.525809811390312,0.2326864762094649,-0.0192052721952461,-0.0716387327506998,1
2.8961387052223384,-0.9692040248628896,-2.2773115166653564,-0.2384635288318564,-0.8614266591117095,-1.3725866841122945,2.118028572594821,0.5927252562858603,-1.3764332616995725,-0.2055378996378252,-0.3172151580608039,-0.5602430048074315,1
-0.022945356264245,-3.2548104410674297,0.9877258548093416,-0.5106096703450185,0.5068350811503233,-1.200303063829663,-2.7785698810414248,0.1328571328378543,0.8791552299347588,0.8572418381227214,0.9974421449705636,0.6713357976370767,0
1.7423066142232018,-0.8985321920249473,1.3559968430290108,0.5781315948401656,-2.080676224811774,-0.6592831516492146,0.2836849800524076,0.2024522136932366,0.2212603519852602,-0.135960150278546,-0.6136128500998034,-1.7231826734447802,1
1.2186559440251123,0.9874500662386154,-1.4591231259604298,-0.3549561083903989,-1.1622895625282923,-0.4958312303119965,-0.0413461717184119,0.1108176930126021,1.0431637039374309,0.0903978389156215,-0.6586415056438186,-1.59333908324404,1
-0.0512631324091567,0.4568010841874484,1.725345973154086,-0.6697959964262614,-1.8795381337069224,1.2065634403819658,0.0264744952471678,1.0106443461983674,0.7323087902875345,1.7636556456088222,0.6231454972807985,0.2803068863399731,1
-1.0473896478691282,-2.48976156980605,2.621183393857836,3.965641816104793,0.6623168771372867,0.4216645729964551,0.3212617547928019,-1.766157874045327,0.4998739265125752,2.263892505695125,-0.8359280427967428,0.03751773410029,0
-4.8634535979537095,1.2351122474524283,1.3603088077283385,0.0504111178887242,-2.158091957171258,0.9071382585040766,0.8771269766355708,-0.1576025731168529,0.6094999924189316,0.8114864310711833,-0.6075627301386354,0.0761760970976439,1
2.7161479085650466,-2.535845600608776,1.2558061701275576,-1.0787360031736215,-2.2828126517213723,-0.7322859025931234,1.0260955038026476,0.0378835166134966,-0.1095396261619475,-0.2349299351633318,-0.643076889485704,-1.4289315500057764,1
2.016686362237086,-1.535396405843009,1.0583051163663568,0.8547658918006663,-2.353264846497052,-1.1027468808263008,0.3462786092847369,0.1506181075826639,-0.2561868905521133,-0.0964100790865688,-1.7281758725281935,0.8149998352109568,1
0.5198982681674481,1.671176401663811,-0.9816219835745268,0.2262896466692363,-0.8323712008531158,-0.0208406267107264,-1.396671006506171,0.2244997018693902,0.3973334661836023,-0.9949607866360396,-0.9285936166379632,0.0007960262904143,1
-1.6792681936323122,-1.6088821146853631,-2.624633369678707,-0.6699766700264329,-0.1893908363622462,-0.11150724989303,-1.8209463344437744,-1.6978208726445916,0.3413793266605709,-0.0725072492655533,-0.3147576004124824,0.2936315747304998,0
1.9511278572591335,0.7146360645608796,-1.097025701014831,-0.4111078399875582,-0.4764974330540157,0.3658050921622032,0.6619837584623176,0.2482524833711848,-0.0402646179837657,-0.2102084055274091,-0.3891696514240167,-0.8521601857081804,1
1.4607058469055454,-2.2684929819207142,-2.236585690609986,-0.5944793418294354,0.6257606744578129,0.6335398380289353,0.0711270015892293,-1.688333146966205,-0.8904560438568035,-0.0029283729504294,0.608443445105765,-0.9725168253593006,0
-1.2756561112998217,1.8877744495705715,-0.3278563640711182,-0.177081406575304,0.3796689103486957,0.199177442046477,0.5941861648415208,-1.1646082706086658,-0.6192511402863378,0.5486030707714873,0.766199376258063,0.0679139595395924,1
0.2193731596465044,1.7574694814256766,1.0170671812971417,-0.6478638149880847,1.0257308914653347,-1.7480433148641887,-0.928263015261872,1.9121527955348856,-1.9306328451650625,-1.232681022868599,1.7367600102482164,0.6062812022690935,1
-3.8748375670782944,2.158632672682427,-1.6647368473882986,1.345484456377135,-0.691860832306759,-0.2062219123250341,0.7305397088700494,0.1655791584171645,-1.4328831975653704,-0.2121805805987399,0.4281989204923162,-0.7135223349925399,1
0.68372236573338,1.8832403541745757,1.0942174091216543,-0.2184425029907908,1.668320001227274,-1.9205046955543017,-0.7910189923480289,-0.9410614764748296,-0.46976043506402,-0.3937994080125975,0.2275247554362539,0.9591235944859025,1
-2.042247635879426,-5.295088893951338,-1.029837312960111,-0.0030668940914787,-1.7176163262629676,0.7834673902858461,0.3582506088793032,1.9911640507851245,-0.4252774724182471,1.642822725872582,0.4581269202463325,0.3888274807582992,0
1.0555095003915531,1.6973548540211458,-0.8160573990418527,-0.3982358365166807,-0.5385301446803515,0.6936859111578639,-0.1101016956180464,1.9172104283864797,-0.4564337917893625,0.7414054125623077,1.263690416700921,-0.1669992846512054,1
3.3324081381324078,-0.3754855808722418,-0.8684170505976123,0.1560356438489236,-0.0959337676268233,0.6172471350360902,0.3312372258823712,0.4537682574755465,0.1464935482942078,-0.4789695135503459,-0.2575537846070531,-0.9208748246365546,1
-3.594141376476342,2.4520588090773083,-0.9581736606691684,0.5563419750386912,-0.1820333500046417,1.1500109552687032,0.5288389811360906,-0.9335491653651234,-0.3109866265271989,0.9438462808418784,0.7439361135219953,0.7787246112140648,1
-4.589091711527793,1.1772177897377116,1.8418699188722076,0.5546560890054717,-1.7407739010088457,1.4758190452924342,-0.1423730121888245,-0.1372869194024781,0.7354645469870074,0.1171926708133974,-0.2389738682764459,-0.6603120937295172,1
-1.8751859267242936,2.1117152849931164,0.9613911276135084,-1.4905181273149033,1.2576277613743472,-1.2318734074302125,-0.2536886473298797,0.2487713628383611,0.9018982413425308,-0.6610862616593173,0.2940138282238184,-1.4459431267886471,1
0.5653305502905508,0.405035222036059,1.9825327519245868,0.1851421609137435,-1.9405765356789848,-0.3061072235316622,-0.0142449343386585,-1.425824532940829,-0.8248373564835763,-0.2401816174779751,1.0290261035472374,-1.429006165120052,1
2.0119338313839417,0.6174868214032653,0.7005498731410487,-1.3615756381374002,1.0113421892129295,-1.8004925599744273,-1.347870267958348,-1.2613654780903782,0.816123278852482,-0.2048380322835032,-0.1046462112896739,0.5730649375136385,1
2.1542106145833597,-3.0442754718093514,0.3248318184217443,-0.9078921111941632,-0.853789849936826,-0.0117879182720092,0.0272918155475957,-1.8040426866329864,-0.1686618566058231,0.5494834218305316,0.1964699324157425,-1.1805054671403872,0
1.3718097891658407,2.0390892662422373,1.6152164506471374,-0.8530631274933309,1.9723876651158423,0.1186028433326318,0.6801935126070273,-0.929351550628956,0.3286705629815331,0.2151423744683565,0.6294148120380915,0.33854961183713,1
3.4879745630484478,-2.0847774151666307,1.4341937185746902,-0.9282581414878504,-2.05455276515432,-0.4017715526724815,-0.73691831794704,0.5518577369181862,0.9970001857835212,1.696042898593485,1.2284373817551215,-0.5771064028672047,1
-1.231341250121234,-0.3574009706627026,-1.634032325578985,-1.3835236316018673,0.6785297077593354,0.0391365947938709,-1.530760965858224,-0.7683882129146148,0.1765245446923352,-0.5107361182728667,-1.008272094040786,0.019157842502159,0
1.603959005991361,-3.5573243816811817,0.3753736869410587,-0.457319009263721,-1.6326993613283876,-0.7868305712421777,-2.560126517739655,-0.3791228971921718,-0.1531771209038722,0.630467137135269,1.0615803846594645,-0.0667183891464629,0
1.505585443072586,1.7631748558273808,-1.033493551268398,-0.4252385741715609,-0.9432328086199896,0.0653220657233263,-1.405986302523986,-0.1547309606134582,1.088342962342072,-1.0008919827927172,-0.6330282826874128,0.2069895235044374,1
-3.0812159107773667,1.2217830548910125,-0.348990055628009,-0.1113149595259514,-2.0918511912631628,0.4418170973670765,-1.0677365693002527,1.4632919968255211,-0.3854188406289104,0.0881726509002567,1.9515784915445331,-1.3593200963645984,1
-1.522466518131231,-5.278402139142087,1.5220858386211715,-0.500459959201301,0.3859553979595121,-0.2042468537985396,-0.0533730891493013,0.2454735028904716,1.2057166108868609,0.4729278969926663,-1.2759344415735998,-1.022649988417022,0
2.7414179342961456,0.0235055554211227,-0.3029304090152304,0.7772856139686024,0.8286990819988781,1.785849857606304,0.4768563476460152,-1.023862025528253,-0.3594162772053533,0.5578083720027731,1.0241002765480258,0.4970915879844331,1
0.9781584665378912,1.7883949365029168,-0.8382908314950005,-0.9745794271820276,-0.7278312507206128,0.6809343332974346,-0.7439789721377144,0.347102335422398,0.2836418789068472,0.9799658764322604,2.3068349914334405,-0.0955522301991741,1
-4.592600470520858,2.499187823279416,-1.5390002727699597,0.7012489427588924,-0.654252063530397,1.0549787185152932,0.7280932521540326,0.1315987785557198,0.4819218543208282,0.5978609885072604,-0.3323753856318112,0.2791017011813634,1
2.43150693570933,-2.059634488386356,0.9524282502770496,0.3171230265447897,-2.796554218948034,-1.5747133470197665,0.2981920701403813,0.0177081823286019,0.1232868867723935,-0.0290388214771866,-1.8494113998883703,0.5140350775936112,1
-3.0792131366634163,-0.1006794594390527,1.3611694091619737,-0.4243213861212637,-2.489235274393632,-0.5822993592393972,1.430556403058408,0.2509846535128581,-2.265026614256956,-1.001409793058889,0.1911328596209366,-1.471518873852551,1
-0.0223054249632689,1.407529112562583,0.2104899033487084,-1.08425798853956,0.7297696359260022,-2.629102554128984,-0.9999391226295412,0.304392077081999,0.1068874101536708,-1.0427672217271926,-0.9947464617835556,-0.5490425355574237,1
0.565106098218014,-2.8434030603528293,-2.8866227807068183,-0.9242384921243187,-0.2676217383089525,-0.4716763051923702,0.0011600369087806,0.2613523540477042,0.4149248268873679,-0.2541324390624843,-0.5494678474251676,-1.6649614852611485,0
-5.322037682659676,1.295278946069333,1.0346743806987069,-0.6087134459545148,-2.051553867102378,0.6476779234663754,0.8875261334735269,-0.1602361886455336,-0.1925712432742174,0.2610532930114111,-0.2042569870948333,-0.3798795377671739,1
-3.941653504222992,1.798665502248595,1.477047022041952,0.6807155021914995,-1.5440441803920633,1.071001387361532,-0.3959452424293875,-0.1136401495101901,0.5383048888920261,-0.0596431706947133,-0.095859451078311,-1.1292334803896262,1
-1.1824928169271989,-3.171214821317792,0.4271438771979461,-0.9873154236215492,-0.9146012381622984,0.9024036914672038,-2.194934212037589,1.3530829807969982,0.0048847767861967,0.4189593769608301,-0.0543232125595769,0.5479595252044988,0
0.8972268072368098,1.267297000230326,0.5370558146442402,-0.6288031156555763,1.1008465146115134,-1.8698402683187336,0.8494025786937943,0.5312455638199205,0.2279277897456471,0.0638072496032857,-0.5701203221234735,-0.9871058900266194,1
-3.0753231541386072,1.2722853457301164,1.4639201189081943,0.0848704914717332,-1.744898017017546,0.8547819890445892,0.6274238822485269,0.511726298810919,-0.0790578373311024,-0.269560625849176,-0.3714228503126129,-0.7811694029477385,1
-4.0504370931605695,-2.591166991502394,-2.780889763825732,-0.4627494744564702,-0.1301574394331273,0.0827476837030022,-0.5778168904627667,0.744995458329928,0.18980643846011,-0.6885162150181229,0.0193072272161709,-1.5853726535830983,0
-3.5881927262047992,2.45717438734595,-0.3285055904653958,-0.9315780237005538,0.2706060308981902,1.2743254512358244,0.6139537975939274,0.1264650673680548,0.6518882852766339,0.2575012017821917,-0.1108110642386809,0.3271522643088194,1
1.8205990253269764,2.294036100544689,-0.6282930505718021,-0.1632938908239393,1.196705208504649,0.1727948483998762,0.9065637413048796,1.0581341225657146,-2.956478591659195,-1.6611274801972795,-0.7201813419743335,1.1171924961603723,1
-0.61964015532557,-0.4488244402281662,3.840778143841335,0.0262383657891686,0.1674309568915258,0.5409178627987062,0.9774736416177544,-0.0540138978660239,-0.9590653199505584,-0.2613508842177162,0.099224990462196,-0.1658042013620084,1
2.525499260598263,1.4110903571731523,-0.5227414332453603,0.2782769507655473,-0.2069304460765362,0.5077800546170332,-0.556089921315833,-0.1449013742632268,0.0314905398014228,-0.8283046333362871,0.5146947141718301,-1.6409380595612997,1
-2.338635203703022,-0.0205098273191567,-1.4964613402814892,-0.6892222947015839,0.4510235794117123,2.1234973538487005,-0.219717954192534,-0.1561688044123508,0.1513997881914221,-0.633676698684827,0.1696499890843402,-0.7094358403676045,0
0.4944962786320304,-1.3429793540733,-1.5729556110158918,0.1594228964398987,1.6418014939660104,2.777854176931576,0.862124444800842,-0.1934830492419125,-1.652086399844024,-0.3755660870863752,-0.5660979894652446,-0.3113670692607925,0
-2.6849138609977827,1.8998983023151863,-0.2917018081796895,-0.3407374516428064,0.0836703609903602,1.007413820175935,0.2482353044579539,1.7232940104434151,-0.1384019236080754,1.15582735315454,1.3778083424584315,0.8327041087686351,1
-3.0803146562429684,-3.099565530077796,-1.051285276904344,0.6873322562425201,1.6625259196482165,-1.1209402823229913,1.8836022177826743,-0.8747847897206769,5.262605655718019,-3.1629511529111265,3.2652845643256585,0.9310573998791334,0
-1.5980112120518055,-1.1160770293952906,-0.3213572504921081,-1.1094540260332382,1.955909271887975,-0.9090479124655764,-0.9236858117035044,1.2227837262069703,-0.0151079943613427,1.0673135618441885,1.1485897375196483,-0.9003302021862837,0
-0.9128126355068976,1.6052616637266512,-1.2115183530455087,-0.2387884630552301,-0.751701115955093,0.7052175660736666,0.5576318804559547,-0.0848918605199896,0.3671160063894018,-0.1291330719548681,-0.0719931200402254,-0.5260765930435223,1
1.6231124557276957,1.1948739803045751,-1.19779971996976,0.9685623467786548,-1.019097721579497,-0.703958572463121,-0.732816914803884,0.3370197666737775,-0.2586337099133972,-1.020036754409921,-0.942771097448515,0.1211138479139321,1
0.5859386103655466,1.5350334026310315,-0.0127934727802033,4.30990548818427,0.3952977337836692,0.0257256272152489,0.207197112912439,0.4125535337755426,-0.0750473857824227,0.3709222142406269,-0.6131031145203355,-1.1666071478831763,1
2.033114100034472,1.2419652299248265,-0.1986423396422645,-1.0208191726417348,0.0015987187129102,-0.0490831441444719,0.2153350459482305,0.2187494941258111,0.8796532237256525,0.0218249663289521,-0.5547493706221112,-1.044675103078621,1
2.941659536770141,-1.3420000004252408,-1.3332326511431924,4.445001256574089,-0.5514630187120954,-0.5268650603733226,2.1825850545816805,0.4779064821032083,4.9272763162113415,-3.279824319928291,2.3964426909317917,0.1127146617837042,1
-0.7020933604805966,-0.2694239203437285,0.2342890954699151,-0.5930358495062624,3.267646634190927,1.1067093740388152,-1.077241228556988,-0.5855987261042379,-0.3517421415677587,-0.9566312927090628,-1.110012302375362,0.7351648354670187,0
-0.5627124068792447,1.092073728555598,0.6559627196147075,-1.131927948591123,0.7262119953139333,-2.2907194088015266,-1.5075996311305253,2.491955964964707,0.0603741346571282,-0.0991826449301913,0.0559649212303103,0.227534985277645,1
1.037548946566906,0.9366613642892808,0.6132494466355425,-0.0014139210946659,0.9609675571070396,-1.7545053785339055,1.5900527523764167,0.4874849175325833,0.1831130452943911,0.6043733537731253,-0.9908785382511128,-0.2064850168950025,1
-0.5906587053835068,-3.950907540233693,2.632832948539752,3.350058586524608,-0.3062643535750768,-1.7566138363322776,-0.9226595842868937,-0.7501857979549179,-0.3761019525998503,-0.011644774677754,-0.0567041390635887,0.7051807683799155,1
-5.782318277959472,2.577097807345877,-0.6400602636742598,0.463742253376095,-0.3985475974321175,-0.1238007874990706,-1.5142129307807808,0.2129718577280666,-0.0514338162907961,-1.371626179320197,-0.1723134175087447,0.1975959560753232,1
-1.7079086949611328,2.431121562804064,-0.2836122161535951,-0.1246717170717901,0.3806050685341129,2.473981519186883,0.111455152212553,0.2482533610505002,-0.2036368866671607,-0.8178657620512622,0.6160412042952882,-0.1067402031343819,1
4.576096528614021,1.7482543459730824,0.865110949842847,3.554054363567315,0.4069743595400164,1.632182160696783,-0.3463137242218122,0.5751949290689755,-1.318780900442838,-1.2489783831428234,-0.4177052822524079,1.1223968213972757,1
3.724751142743992,0.02078528620355,-1.996516653269292,-0.4565553294059836,-0.685819797879341,-0.7315478529119228,0.0289284440818144,1.773089769394475,-0.1289208389545026,1.1203829749475036,0.8138250756442379,-0.7443082201149018,1
-4.571510612355389,1.0739963540132296,1.623757659444535,-0.8215253805490822,-2.36565375352155,0.8079212175633324,-0.3691635775274789,1.4326751060881904,0.040315840744209,0.9433394387771358,1.4494093651355424,-0.2161762837438095,1
-5.015537439920402,2.522426641794888,-0.5559734964851821,0.4361040957514728,0.214789041007592,0.668240147248304,-0.1428413096058265,-0.705732853268489,0.5937163168032397,0.4621987851954466,0.7702998194971696,0.0989409028839307,1
0.955798394006434,2.1585498060000696,1.6526527224296883,-1.6801407517416729,2.418575475550454,0.6986217341527926,-0.1178381093124045,0.1328063603071052,0.3912399392092854,-0.9406973247710556,0.4323063600708136,-0.7902140785771266,1
2.4834455988072635,-0.017272547273884,2.592067261233022,-0.907712513416679,-2.082975757135424,0.6397506693801388,-0.0952872033202386,1.0571955309860632,-0.0731207993609968,1.0948372426195916,1.2956655223072222,-0.2032582212603783,1
-3.7441652660368834,0.7949242544447599,1.2645318109062509,0.3580553277916476,-2.123241321418236,0.2315550464265907,0.3721796879583497,0.4496046955474725,-0.4602898153216756,-0.7735269766805166,-0.1597725761300056,-1.5727385336043669,1
-2.5610455085793147,-1.2775409195109315,-2.3901759046423634,0.5772227858069896,0.1526238369928212,1.420539218061262,1.3393322852150769,0.505828526662574,0.0145857445716785,0.3990250855336795,-1.0128631127728656,0.3927110350851279,0
1.6462209185975052,-2.626026717933485,2.0125744433765784,-0.5693482325211819,-1.2336461857234375,-1.893250210971308,0.1370402782254743,2.0250533110680804,0.4796311364784643,1.3986103286615863,0.513291184730508,-0.6321749307948022,1
1.5932117561468004,-2.9017913684985466,3.0170850678469288,-1.0791965084028807,-0.5546890951170762,-0.726034110025265,1.380049777745284,2.3773840379595184,-0.5547268236639956,1.266587621047752,0.8308313487497615,0.9647932752976032,1
2.979083530837608,1.5236116970457634,-0.7926717069277206,-0.3256881810739113,-0.8922850776477208,-0.3010517664617175,-1.8378390934919664,0.1635405085012171,0.1347240165945821,0.9665595034696406,1.4272761710036412,1.4453041000760056,1
-2.2399475486068,-1.0279298690098988,-0.1869049962365928,-0.2196035175628143,1.8474326033849064,-1.0943541650877142,-1.6849474668509117,1.432538786415799,-0.5356756616138996,0.4841479286393707,0.5596139718777713,1.1203637780829956,0
-6.157900552189792,1.559816346903557,1.2292632284282503,-0.2911108777195911,-2.415819527210254,0.4451131602166109,0.0967560700676665,-0.2060535993158854,-0.5679577977989615,-0.2738082739437082,-0.9008082941709172,1.4400706550846745,1
2.4761775922966325,1.943703496830128,-0.6166827597703914,-1.5016113777602014,-0.6407593821863338,1.058370957677514,1.3513821610890104,-0.1319032918310242,0.3434133526428046,0.0095674286148044,-0.103210857014604,0.2400389790494841,1
-4.982052963603286,2.126893703395059,-0.7042642725490604,-0.163576789238968,-0.389357054665923,-0.1386020351761831,1.021828494979974,0.3531730865549211,-1.2332739353089848,-0.8514937168631475,0.6430852984474883,-0.6022307427235768,1
-2.597641773928661,2.033049909864947,-0.6240501661762585,-0.988414500774074,-0.4878650784474643,0.2568528776636165,0.7135699456966995,1.6683340679863037,-0.0046021152116061,1.4907442775148656,1.1943559805315385,0.9488892745222832,1
-4.540071303919274,-0.997356344155675,-0.936850757304575,-1.232592693974264,1.886263797817712,-0.757822271546461,0.4203411272222671,0.0973726906651195,0.4735930867333768,0.1852834901465662,-0.416220695306352,-0.6146650398708229,0
2.530192315163786,-1.7088720218506095,-1.7595831224001504,0.8747902510459737,-0.960779060740368,-0.8298074530998596,4.228902908529651,0.4974143149977805,3.147611704023501,-3.7559841146023807,2.6090905690034107,1.327141115929555,1
-1.092709766753828,-1.3711947773631394,-2.4275113365482897,0.2295704236836134,-0.1749106991280423,0.0508415492342971,0.1242728085861925,-1.5160912339594388,-0.8804011365571434,0.5708231298859302,-0.602005938163039,2.0017508104288453,0
0.8694441961970296,-3.119771086491052,-2.910562720110192,-0.6241937817900016,0.1897985579201532,-0.1277201815149944,1.079609479000367,-1.5053434120429516,-0.8884814790980022,0.7318762873349911,0.2223867334888544,-0.1344269372178433,0
0.3046646462484943,1.6143519505295456,-1.3789653115703957,-0.4978890862618341,-0.8643873423033213,0.0994376414796163,0.9333028052188092,-0.3622679882957577,0.4152890541845712,0.8343760061723607,-0.4887941300837526,-0.1424642438867906,1
-0.249002728706119,-3.605149469337465,2.0928767783277906,0.4669876720413489,-0.8655987315040465,-1.682440210517636,-2.0205906463019887,2.318608988956563,0.2242823865336424,-0.0279962121077314,0.3893305400279686,0.3113587565191258,1
0.3757533347772807,1.6251438764449413,0.726200920317003,-0.6666072236194494,0.9671814597573802,-1.8548473288724563,0.4002773136352801,-0.0853550149790428,-0.4018980289289168,-0.0749374975202722,-1.0004745257420842,1.459724787161707,1
-3.880215746337052,2.398626750294496,-0.762553256049531,-0.7659419075791979,-0.4297628888913845,0.1454522901746494,-0.1050583898972241,-0.0026079545666955,0.4419946209326595,-0.0800372093864746,-0.9981621244662364,1.7878449248934734,1
0.2328283568457703,0.2721353325411554,2.2790524238036327,0.563756348052153,-2.248114208477459,-0.2279450031231812,-1.0122282556756883,-1.5440436216957998,-0.3790137181782789,-0.3470194642362362,-0.0110098517503241,0.5965949719897142,1
1.8781575714240768,0.9144116351837088,-0.337613146527593,0.2016986004092172,0.0399649647695522,1.9730862984660955,0.1957639052646857,1.6882523324473595,0.6011923625653394,-1.4215411433706215,-0.7747646798101226,-1.1047865308261398,1
-1.692016649957062,-3.628531662483954,2.529904910385788,-0.6626200488445176,1.5018526387673146,1.4350443328286626,-0.2364511591424133,-1.5845018059181022,-0.3609464710572123,0.342907227515551,0.3057851789553179,-0.3245936589744393,0
-3.519312261986192,2.5267193129526446,-0.4873160913485357,-0.7075062572314065,-0.163816197584656,0.2778259137087828,0.7289502139326509,-0.8690104399522212,0.0238495659184352,0.4059609230143673,0.7914984864899539,0.3191180634978877,1
-0.4921100134129743,1.6872117109661529,1.0323347538246377,-0.5211453184768542,1.6688787398682206,-0.934957875171265,-0.6850822565065888,0.0703172924374194,0.2333503772831613,-0.9422540608867191,-0.7245667317322133,0.7662549638685159,1
1.0847147961895147,1.246559398776562,0.574055170123996,-0.6753124108882236,1.6405056885216018,-1.4864447927241762,-0.3178918057397881,-0.9808700194595912,0.0664601550662599,-0.596494722603627,1.0151907211356903,-1.6053290788332557,1
-1.6347755051978927,1.8961168329285727,2.617008050672921,0.6739194934264424,-0.3877331635863815,2.131929247328936,-0.9370059253110457,-0.1604009040896042,-1.6786381753844868,-1.2792679265048696,-0.0454109841521745,1.1035878948472229,1
1.2890343712094745,0.8528699376576251,4.695946554663375,-2.462184877561581,0.9764640386609884,2.21124747199288,-0.2778477572113531,0.1625674148806689,0.3995513892498324,-0.7434041137436429,-0.0319014731463087,-0.7092070644278072,1
-4.828800813790855,-3.0413583294508397,2.2462983833126646,-0.2837266501021779,0.4494188292309564,0.1748414623519877,-0.3403301700666484,-1.0643332372725358,-0.124874950062901,0.3297164762925255,0.6280729676077946,-0.4912990307921386,0
2.014788487314445,-2.623300690459775,2.968510422315339,-1.44457589965563,-0.516046747196719,-1.0305056038427274,-1.0584475045294983,0.4362702764944187,1.151513286013887,-0.7926065594533551,-1.263097846029036,0.2984519777284502,1
-0.9228799750320514,2.5710855254104907,-0.6357803467405863,-1.1915752156758737,-0.0203492806007889,1.3133690565866831,-1.601445776949019,-1.1047429547024248,-0.347236932145117,-1.4011996018694814,0.8309954085935084,0.7520512608745782,1
-5.952227197472347,1.5596794335657396,1.3336355279514849,0.7882738793629916,-2.080205264136778,0.3140495698796117,-0.6904350252666827,-0.0415016600923545,-1.2340557887416834,-1.2684646180964132,-0.295153637438209,0.4018294169765748,1
-1.5681067229222443,-3.543830291960796,2.5423230973368387,-0.8010449208997086,0.7111904555170998,-0.0185666970801408,-0.0794328696318154,-1.3255996581549088,-2.7214913383966555,-1.2925590975186725,0.4754929875549255,1.098136446012632,0
3.236650014900881,-2.6303995933244293,-1.8233855027331276,-0.1954375475906163,1.5277376581044635,2.0153233880753403,0.1522811974522187,-0.2558436701430402,-1.0206806909758797,-0.8023410929304409,-0.4956579987422775,-1.3323119486058574,0
-3.287963366225555,-0.994271886395256,0.0552090200356248,0.1243726137005235,2.0503611660539733,-0.4368344169650175,-0.1502431892287943,0.0427227452084085,0.743578945724975,0.4557935792701666,-0.4408462195448158,-0.5549625994861435,0
0.9711257371222222,1.3831985036379582,0.943771755080083,-0.1543512536840429,3.0456228515565518,-0.8450532308025404,1.5422998931128635,-0.4163538731045144,-2.4015756799484347,-0.2098781523435624,1.450605693146316,0.5603504202251156,1
-2.2158871352817,-0.7025300988776714,-0.1776282509196578,-0.8253605064699253,2.1794941262393674,-0.726105787424779,-0.6179265220280246,-0.3810144123750317,0.1310494169250299,-0.2892331687459081,-0.131424814894428,-1.8108034924146728,0
-0.4851382049201191,1.910494928254863,-1.162258583083196,-0.6017355698585812,-0.9640011301760428,0.2550272382240259,-1.5240782066804877,-0.1850518480033607,0.9840381442121792,-1.017702080970118,-0.585398490031983,0.18487090435953,1
1.4588524500042923,0.9615512751581922,0.255265211169475,-0.5653797154900196,1.1995735579748732,-3.1843039424140542,1.6051144361129894,-0.9039658323389784,-3.5292002702757586,-1.3057446637126693,1.8247116431299768,-1.5424449761704502,1
-2.4116554017253056,-5.67842233083366,0.2462183100608051,0.234385411620798,0.5355159706822603,-2.400941090281317,1.5225153706628682,-0.5245854055376545,-4.340696613903173,-1.6993758568668138,0.8888317791664391,1.4953672202265869,0
-1.4538426873854549,1.6930191694101953,0.8404527632086438,-0.1198459128234497,1.3119605924725986,-1.3177065634730414,-0.1330357806135295,-0.8489863452845592,1.4567939904607723,0.6297061937950587,0.3147211512121013,-0.4716284441968311,1
-2.5606927123937813,2.04255041937118,0.4100826725632985,-0.6639593567173985,1.17355794362588,-1.529240234797684,-0.9209093556711794,-0.0006331214496189,0.9685613883337324,-0.3798705173513767,-1.0641277636655129,0.6282563357132313,1
-6.024988724734714,2.5359657047238096,-0.7049887045821819,0.0965124718873363,-0.4521174352722629,0.100079038208172,-0.0078383748479792,0.2580079198012092,0.2787373864579074,-0.3530000551234095,0.2754712317628676,-0.8775060588149239,1
-3.5064970086042893,0.4444693544668669,1.1263671642307642,0.1012164222579259,-2.6679760391801626,-0.713047303253422,-0.2113860896524084,0.1163501246102462,-0.5972768625663853,-0.4248283316451772,-1.260637154682319,0.4383005017814302,1
2.054616028054785,1.2754378397734452,0.5670174067353613,-1.011967125362863,0.6879732101745393,-2.282572480848345,-1.0294489237235134,0.3659207247824991,0.2155060247919915,-1.229177567394122,-0.8757176323378185,-0.4710606344072918,1
0.1810138099921468,2.1066608170354173,-0.9537472532445748,-0.880532154742597,-0.54167039269609,1.0636833049782577,0.0765444420211842,-0.1351150286793758,1.0735490452544838,-0.0756783746730383,-0.0798697642450395,-0.6163033465658284,1
-6.496498607644162,1.4902493555469698,1.0755614804639386,-0.6845791616801854,-2.325764857777148,0.7798468553133574,1.7433987129039905,-0.1559808692782773,-0.363924418014851,0.8291293895589166,-0.4879333046446027,0.5329213377892017,1
-2.5015633526175347,2.038888580833422,-0.2092688428040806,0.1692961388357933,0.1397141459630698,0.6250160989074125,-0.3168971770516057,0.1450719012822211,0.4062340226389372,-0.7004920822139575,0.3302902310983691,-1.1102160815605524,1
-2.426890336940656,-1.6916262039060346,-1.3466460674189378,3.233675710592532,1.4498562450680816,1.9458299079377095,0.8059482091685628,1.5524096674933847,0.9513048328077398,0.7375033623825987,-2.1228758248501127,-0.0182676390977701,0
-0.95859442523169,0.8760736711423344,1.9232179472949509,0.257898785846768,-1.5108237113300975,1.5182604417020231,0.8342104512955649,-0.2532477316806865,0.6337752511737348,0.59550781330632,-0.623774835754932,0.1304524661948144,1
-0.247420892491721,-2.8427406145431173,-2.3704197557348503,1.5519138555932943,0.743366729864922,0.7993164549360038,2.3956598973228105,-1.4999857646135035,3.2062517854923844,-3.3233497569035144,3.52728728897878,1.132001586529347,0
-1.875679538478065,-1.5969532185101951,-2.323616541421923,-0.9994233012810324,0.3700280496765751,0.8576093393081032,-0.3703540276770987,-0.3009437055936947,-0.172080593691534,-0.3790989172733839,0.1458605215969724,-1.2692711929141332,0
-1.367725236819468,-2.0437635302657142,0.6463774459727973,-0.2544256579390934,1.8660011176215303,-0.5778270921453111,-0.5596361329999937,0.34978373124885,-1.4565511058814062,-1.250635742312968,-0.9840620333840764,0.3219111497970193,0
1.7329643803868626,1.6972465310598157,-1.0441285758286811,-1.4310022736656969,-0.839658979662475,0.2580783815968628,-1.066647334582061,-1.4045384031398211,0.9088733843481822,-0.3661098283998227,-0.0888296344555444,1.0205657454393426,1
-3.5635574816975195,2.6228042162029697,-0.2088799666755001,-0.6848618015591941,0.1603697856050561,0.9429156206929068,-0.1129342315117438,0.099343317609921,-0.5035606171825646,-0.8022565199840176,-0.4727582186031498,1.7932402260272151,1
-1.5262189951263336,2.247741921070092,0.2159732918104847,-0.9190522331249826,0.7467994122011761,1.650451077966962,1.202342772952009,0.1811770315563093,-0.8919338777513686,-0.5711867477668081,0.438187566347911,0.349179590077955,1
-3.956426833059366,0.915569409135806,1.40816875671215,1.3380941813415037,-1.8885647714852123,0.6289959794232515,1.305640544770438,-0.2946301009260156,-0.2117896436923125,1.369032407303302,-0.8117204473712252,0.436965273627484,1
-4.927559946374195,2.42568417295625,0.7451598007316442,-0.6054545496643547,1.3431445755308409,-0.9881798854139312,-0.003659506376626,0.469958781150578,0.4963170663816252,-0.4228154604585387,0.287148541169874,-0.9114624354475012,1
-0.8449351269714955,2.109558633000358,-0.5294788071668755,0.3623075662026796,-0.0947880384043174,1.5133943058756094,-0.0085251770069131,0.4052301800173122,0.2394395424974175,-0.2254809012957897,-0.2234054151379064,-0.5977866786089637,1
-5.68819291564084,2.653701838327535,1.0201622390810532,-0.2282451284817981,1.370255187373478,-0.8386199715558676,0.112079646069815,0.5732225304338784,-0.2846884424977257,-0.9017067665740433,0.6441650607067977,-0.9804169450000662,1
3.098969938318902,1.0122557439148636,-0.0555204018164275,-1.4526561652329002,0.4579288752594903,2.20624817728812,0.7073290230461319,-0.8377248886130589,0.1213809194314419,-0.2119732785415659,1.1143882153267226,0.8388557539247121,1
-1.400360069248582,1.6059194199539044,1.052658799969466,0.1342064971322649,1.7388421902853997,-1.2195618013347451,-0.4881706801695518,-1.0517371387606724,0.7323734741411688,0.5701861183768506,0.5325291532811716,-0.7646206615299431,1
-2.830366194637311,-3.979838260682005,0.0546646355407981,0.9183826048591412,-1.395384315453584,0.3375801384773205,3.97306566928924,0.0831541997704371,3.2320248755179386,-2.9509119279326885,1.908032099691588,1.6102389321798936,0
0.1435201608618475,1.9776137867658223,1.4425784657914928,-1.3475770626693695,1.674754748211506,-0.2374159567902939,-1.2066373398632515,1.652679510699928,0.6651825110273822,0.5728141923054111,0.5173416719992138,2.1081869220769134,1
2.572460590344981,0.395649468848363,0.6420440505132883,-0.8099876952051427,1.3113170578683726,-1.0309322409740318,0.4571626612808124,0.3076019234504941,1.0858089394927792,0.2974030209424394,-0.9062665076183,-0.8886962388749741,1
-0.072771853261916,0.4282118340690392,1.5601958281386328,-0.2790995931685567,-1.8511402476075147,0.1233057837811256,1.6782704706026463,-0.4532139258667358,-1.2982429022894697,0.3256512550445068,-0.2276399940266885,-0.2650410872451377,1
-2.7441937368410088,0.8305017883122445,1.4258422905450117,-0.1998081355453543,-1.8185821166556388,0.010906085969943,-0.8611250684905651,-1.4132175797139936,0.3549887413444152,0.344354630447032,0.7634487757590674,-1.430129166768798,1
-2.733263032298873,1.8382993869094304,-0.6766047179896149,-0.7260110497852156,-0.3579841639453962,0.212419848249052,-0.1857240098224396,1.597328410657435,0.180545497118653,1.0038839930900108,1.395909265034628,0.0356753045031433,1
-3.406548420256127,1.778911392178914,0.427838959908785,-1.1739363454700094,0.9697647294366304,-1.2775461696315338,1.4913141282335431,0.1456087404165428,0.496833035005408,0.6408656370753509,-0.5341269639713478,0.2049449468602025,1
-5.4769145021443055,2.1418767226996365,0.453291845862388,-0.3427544730691964,1.1443248385658529,-0.9635229813660944,0.376499943526917,0.2757289353979623,1.1609167466796402,0.5329136766420324,-0.4299374923401271,-0.289844590944905,1
0.6804489607188258,-0.2472338736959602,1.6183137119125293,-0.1756770856824923,-2.3704670739117444,-0.7816691993537331,0.7325804220064813,0.153088358726657,-1.2120250403930617,-0.9828140220802934,0.009015264303585,-2.025820051276086,1
2.345526549278476,0.9069965643884816,-1.3465551910871023,-0.6289475812939201,-1.205475921563043,-0.7484088234415524,-0.2768997886372984,0.0665502745863738,-0.1422698126846138,-0.77619519193085,-1.1456344665928733,0.3419175856526151,1
-4.535446092143316,-1.8570269699882411,0.3161649446838607,-1.3216413908872655,-1.5750095273454805,0.4456460359488545,0.3980036890254529,0.3694309768954227,-1.029581977015837,-1.2400063533170071,0.0624862382035117,-1.7677931611505109,0
-5.841081391582868,1.305081505511381,0.9443394915606802,-0.5610263714929961,-2.1951834823670446,-0.0883588635625619,-0.6332465435867042,-1.104249869250351,0.1278308042131232,-0.1413686676111147,1.034288663299065,-1.4940979927959768,1
-2.7375767218290368,0.1488787495300618,3.1981746009722083,-0.9013386829548262,-0.4299946301049564,-0.3504660858973653,1.4003361558862657,-0.3158150553831634,-0.2615513193192803,0.7877331835744202,-0.5518520753976414,0.0985390757459447,1
-2.0851934357759325,0.0480909698732004,0.2000738714257585,-1.3388750572667207,2.572658477043532,0.3331647554773171,0.1354346025817227,-0.1890757640613047,1.0632846987957998,0.3350922128515744,-0.6352368154952803,-0.3733291431706262,0
0.460022619228308,0.7283660626931112,-1.487851991456389,0.6199260738955793,-0.4208003785283702,-0.411079303296562,-0.5644440448503876,-1.131606349992373,-0.0907382561615451,-0.0631307178270647,1.0100381728361283,-1.350868633788215,1
-1.876226392180692,1.748602681197168,1.0699164873705662,-0.5952830466162651,1.5533134810836962,-0.9662521824310684,0.4919460809039281,-0.8646918347925229,-0.1709902677641266,-0.1241218150462744,0.8483893480467379,-0.4121427308754817,1
1.7319304582454258,1.0833139185908458,-1.0162314482824373,0.7477166053405235,-0.5903110570496906,0.231356467407322,-0.6611380847542755,0.1515665327628109,0.238275897080329,-0.4755460934607566,-1.3532105812036472,0.7531025106794387,1
-1.41161453996428,-3.860505665081695,-2.5406841145150136,-0.0487347438042584,0.6222998112638399,0.4763994740748613,0.044693986540764,-0.8511916019540763,-0.7889362457884405,-0.1341475566318047,1.0143295496720497,-0.376818013820046,0
-1.8602163392156423,1.7627189483455254,-0.6904572751179517,-0.0455327410449835,0.0013141624995211,-0.2945205730758679,0.4622350612994795,-0.0821838212442023,-0.3356652901119522,0.0493405733424061,0.072299242640754,-0.7472794166121081,1
-4.160974198335063,2.4947235864291404,-0.6306655446283014,0.1726538826403503,-0.3586052636869913,-0.1406551718842556,-0.9112635929761662,0.1337725515502572,-0.1187243878304032,-1.0474057935803185,-0.4033787407933705,0.6735965894386611,1
-1.3910057627226038,-1.350450114758481,1.3807030530613822,-1.4870461685991356,0.0856372253755783,3.318474489334083,-0.3649644637507249,-0.8678184998619938,0.5140493369967241,-0.0857941967035254,-0.5274801059592051,-0.7013423339472814,0
-2.011788900840533,1.80428734212006,-0.5116878185752562,0.8584989381080644,0.3376779217707001,0.0641656570728055,0.0906714054473429,0.6186832559468979,-0.3914289407320198,-0.4546750415696477,-0.0706074905163633,-1.1282282899158005,1
3.070378977167514,-1.7465566104961985,1.6744291589684652,-0.0087259352567337,-1.7958022044654318,-0.3191120847746945,-0.2944072744281291,-1.058493383381972,0.4282111897448843,-0.02476611946951,0.1325151959477416,-1.725924478801547,1
-3.02303343762559,-1.9089115631250997,-0.6359830506124091,-1.5072704448509229,1.6855030252990777,-0.5211744475481218,0.2149076565768315,0.2663275862637276,0.8482717707939337,-0.1205213314530072,-0.2063254698199401,-0.6174820926968304,0
-0.0105781741057402,1.9642032069019968,-0.7060183914535569,-1.0694846994718212,-0.2094837270337213,1.7913239573271893,0.4237292683384461,-0.1439922698813897,0.87096933150189,0.0494191699697876,-0.1348212478222669,-0.0018094633983009,1
-4.562916452149473,2.5093373192119697,-0.4758146879625821,-0.3702989150996972,-0.1457876284603108,0.5178383571155437,-0.5593245353674702,0.188589429597044,1.0724296321026567,-0.3149357704735919,0.2061637771889422,-1.0060808256178255,1
-0.0953551878065868,-0.8129325620710313,-1.761709211813715,0.4360543054003941,0.9451415196527632,0.5244189415909792,-0.4988838236232119,-0.2713380230443275,-0.6072925514590573,-0.4705812793821925,1.6565979524634198,-0.3869012618662535,1
-3.747225451780675,1.3620872882489532,1.6234092561482951,0.281743051648647,-2.0905186912174605,0.5945001760741864,-0.5422176417806456,-0.2409984608431066,-0.3665520762503224,-0.7258848082487788,-0.7512101610161586,0.8248794458717771,1
0.8290741411318551,1.035266967593631,3.404657725767343,-0.4105303174291153,1.7223988227215752,1.255790470495513,-0.187720357591114,-0.6873053529289657,0.383551564712838,0.098055417476954,0.3386892829903581,-0.1246504071483133,1
1.8848044321571775,1.312533175154094,-0.9443204421962964,-0.3798588971564419,-0.7567514678662419,0.2808223606989993,1.8463424690944064,-0.1814981344633567,-0.3577230285456571,0.7213003158488187,-0.3403669014396787,0.5739051647621108,1
-2.951782741968467,2.0860911243603333,-0.6876768045492099,-0.9510889835805834,0.106883821774216,0.9348948596976362,1.4460424005721075,0.0417082802601671,0.5753522357582874,0.8817104765545823,-0.5459764232342598,0.9310578668623908,1
0.0380132080792084,-1.2641047930789686,0.0566500669785624,-1.6130126637973048,3.277117598275725,0.7811176019563894,0.2858911917074463,-0.0893547668723807,-0.3484167547617025,-0.1665533686372648,-0.7713096675966492,-0.8781055336046116,0
-3.8124701610517824,1.4360644386312886,1.6607694299289872,-1.1372386234159406,-1.7452479740207276,1.298995551916388,-0.3453388618911606,-0.2890415194032108,0.8148279242984614,-0.1604910934270009,-0.0325238258082252,-1.0949066573953865,1
-0.2122907715253131,1.7769213450267114,-1.403696217486115,-0.8085907694218518,-0.6858979829957932,0.0823905501956217,-1.109725131427591,1.3578372227557016,0.3401957531464195,1.0457701644845816,1.5915082442773685,-0.7976843300178258,1
2.2525586553276287,1.4055404186819809,-0.9686302404760472,0.1702819448755091,-0.7567999856416107,0.307219244499779,1.176333545443175,0.2698883035996972,0.525834836418278,0.6595982591868342,-0.8967328335457296,-0.0525363972731584,1
-2.372589761226166,1.8858305101438253,-0.187642806842769,1.1071367862918262,0.1536873305739584,0.0472309384943469,0.1875445599177629,0.2731280150045782,-0.3694655680226839,-0.2079556399539862,0.3520566359219352,-0.6137331221092892,1
0.1519047499364345,1.7520710568493552,-1.0832376938335224,-0.3539912811129805,-0.6619565680089958,0.1676291406531096,0.6801520312477652,-0.0607143823604223,-0.3032270501537628,-0.0327409670462474,0.1994226475250845,-0.5001851815661179,1
3.2759542905081367,0.1096702581482455,-1.3982576231857322,0.3771837489331547,-0.7133944716901142,-0.087655883998027,-0.7845392051896906,1.7164642777843813,0.113459764167805,1.02701706245709,-0.2285764025524583,1.7486641070667386,1
-0.1696372603614463,1.7726673961917123,0.6710790439662934,-1.1570298720958023,1.608541633303627,-1.0178038874153317,-0.3439128980618523,-1.043165632775142,0.6275111442183737,-0.1369383103091588,0.7869010538361317,-1.1492649216997497,1
-2.795646579809731,1.973308969696479,1.0010029920807728,0.242403798569116,1.5714343284943668,-0.6585493554667913,1.2193866463456335,-0.7582670778687719,0.1638932660379251,0.9225094303287508,0.2644718731562279,0.8220841080615875,1
2.7615974022214163,-0.2029008497621593,-0.7532305195210922,-0.7256142691673484,-0.5549357778464201,-1.234312151488297,0.5001602003348893,0.3622181197040677,0.0548459025940793,2.123675260738723,1.6676179315960329,0.6886239274372117,1
-1.0181388732050916,-3.0569129001312425,2.236277251722292,-2.0871231604839924,0.735408364328928,0.5759182873509011,-1.564746438729579,-0.514130891386492,-0.1167872560815759,1.2296310040621836,1.710747291509315,-1.056546393008496,0
-1.0419413582354595,-1.2939682690277756,-2.0485995037954945,-1.08508793230217,0.5923998135157891,1.5508531972204664,-0.3020852163449215,-1.297455820853156,0.2466475670489206,-0.057738734629348,0.6741230733254594,-0.5305168501174897,0
-1.6355003487512896,1.9308319343525049,-0.2456262861207446,3.673482180595129,0.029211335882898,-0.8427052831505143,-1.5691563745472632,-1.1095524761643836,-0.4864151571335978,-0.0535045297004901,0.2227403958019748,0.3168382795671892,1
0.318118864855053,-3.590305757782413,2.144677147121195,-1.8534561500497932,0.0828062597513542,-0.2567236098100768,-0.8652367035207702,-0.1074893500137056,0.8683333407620748,2.0903615631451573,1.300416904799257,-0.0763043266775132,0
1.196419509366463,-0.7594626862702422,1.887556546443338,3.2448989307921186,-2.038897937197058,-0.695382902779948,-1.437389160344928,-1.6907205263254903,-0.0429414525186462,0.22531176398686,-0.3474652464469505,-0.0831140213668091,1
-2.536715649992048,2.0544717565281294,-1.1188523787354518,-0.1015403991405192,-0.703337532435277,1.0010980122147393,0.2774745404391648,0.5708847759924732,0.2964108609762531,-0.596005168997036,-0.1625422298237718,-0.8535361000403773,1
0.5849555131272209,1.497067852431983,-1.0388685774457669,0.6887845247392286,-0.5861703902894199,0.2169549940867425,-0.0031120752369192,0.2753073147305596,-0.0646587491992853,-0.5067715436255076,-0.2198220968099224,-1.5068781187808833,1
-0.4349618740394594,-0.433918150878755,-1.765704455220397,-0.6893538399150289,0.2354345414356895,0.7764851286613426,0.2790999355718895,-1.5767193808518605,-1.137893420806521,-0.0041571486518727,0.8364440630700569,-0.6539621778775938,0
1.946458240046593,1.1837635413274457,-0.9712790885793776,-0.2317364790682775,-0.6894286600416885,0.1793750143157092,0.5435993728226284,-1.440947293206176,0.546529060335873,1.05080957121217,0.25302202968247,0.0495448701575782,1
1.0655055130454614,-2.051902838623737,3.1545822497937515,0.093646798035063,-0.5425862452780893,-0.8272857639638624,-0.0813572281140534,0.6016513999346531,1.4034106784788856,0.0564102720301737,-0.731914950319441,-1.1893393777104042,1
2.582407266505863,-0.9115866159800868,1.7480562768918178,3.389935986563732,1.6781110246089557,-0.8906062330093432,-1.246413763285476,-0.9930195173547416,0.5897337048096846,0.1725286980687646,0.7786818885374905,-1.793947815909551,1
1.323471771716843,-2.4371557759196687,0.9775677532306492,-0.5648187071540772,-0.222206819939282,1.5332114224751792,1.2381938101090917,-1.734762420710143,-0.9095252177020192,1.1363972357455017,-0.0244745767292682,0.6134159390006007,0
0.7517908517051908,1.844751296674536,0.8714592747252422,-0.8307337344113903,1.4685857258301434,-0.6927342427250637,-1.2068773848392127,2.028649233809205,-0.0061531425729553,-0.0087346938815913,0.2851282703512888,1.1622388656793712,1
-4.955201652503352,2.3081710129040425,1.248672370358015,3.22409434161416,1.574316149345628,-0.8377828255941611,-2.469015215029993,0.3218968470864622,1.191366533642685,-0.7202870311462513,-0.5532811927582851,-0.2984076332107638,1
-0.2688063911084917,0.2834858452276309,-1.8493794107515296,-1.1700435807218703,-0.2939618750412422,0.6347054821695288,-2.2008633210889235,1.2992172109155735,0.0293198061891393,0.2576747119871662,0.2130240268371119,0.4289084820913707,0
2.2626204095013174,1.034405217372323,0.8661330339786696,-0.4956018463596432,1.342828954758078,-0.7933874342840935,0.398108311526872,0.2029256998417947,0.9608203617859004,0.3061498487396167,-0.9291824381676116,-0.9267886575856346,1
-2.046956483948971,-3.3122259170790103,2.115865608908776,-1.1332627047711643,0.3114496959669616,0.0213932477971511,0.2055663472046983,-0.3672584127971965,0.1268269260830108,0.1841406870508101,-0.4395418627459486,-0.873707830168958,0
1.4316400390113622,1.4142318779214238,1.7460423135932004,-0.3231771240480376,2.091045214526327,-0.4440232530644127,-1.7533098889145546,0.950215583027584,0.5208480547419362,-1.6191114742679402,-0.3807826620440563,0.2938800117365084,1
0.2703227554043121,2.0118907565576927,-0.9491498486999198,-0.0040949889192636,-0.6102221593114682,0.2992655112415822,-0.8977297913429254,0.0003285382136953,-0.7001417043287205,-1.7715128997148175,-0.0337556446334907,0.2266888189249599,1
3.819190332728085,1.2785039679233237,-1.143274975527041,0.0603728293355786,0.0312645099095706,0.421245738347201,0.6973896713156784,0.548268685988182,0.2987914005171785,0.1349473287880506,-0.4439610535545215,-0.3971178428160573,1
1.8451921092261103,-2.677381601361356,0.7124311036625788,0.2870730515808279,-0.758356313823959,0.7933350066285818,1.1899880666660865,-0.3629235575524445,-1.1161943534938563,0.1141125054183972,-1.076418585907986,-0.977704855392208,0
-5.268808000930878,2.2498997008869703,0.4697534982141918,-0.6171324857638362,0.900233471717316,-1.482264922399788,-0.0489565278301763,0.3109926731388975,0.0283194632746631,-0.4210845692706729,-0.7967695483030339,1.4266418557126654,1
-3.687116169898271,2.001584376531333,-0.9414331572710392,-0.5782017488219356,-0.6072056579325874,-0.7578265258609822,-1.6095864715135542,-0.98823459402957,0.8811057010712456,-0.4314937795615771,0.129284285230354,0.6057281986242312,1
-0.907481490711374,1.2902553927961389,0.9463754541081444,0.4067072179527733,1.3468926561124843,-1.8859944010418344,-1.1571766088266304,-1.064551240329206,0.4832225390881394,0.1210542604789328,-0.2593074375315005,0.9922206942449722,1
-5.624158803665007,1.4451673017416875,0.8975769042587627,0.6710736897985831,-2.019624746736957,0.212361488042634,-1.1384271072172951,-0.0784552189498974,0.1838605219976228,-0.4562575808234663,-0.8349194630306167,0.5380259204511043,1
3.4557799859145,0.0716227379459188,-1.1266337948545309,-0.3857477878164446,-0.9270192718770414,-0.5216771783948733,-0.5532571087123006,0.2500485912142131,0.0276282658144936,-1.0624422527133093,-0.9834000905944746,0.299762832785122,1
2.417802015490824,-0.4516650182969922,0.2832770185073646,-1.0125773260187445,1.2435147217297768,-1.540279854902727,1.0590168068550274,1.6334714461849789,-0.1775106128549573,-0.907975594538874,-1.0220687966177118,-1.5158473974554878,1
1.2086736429893603,1.6632386023443548,-0.9815931782182004,-0.4076398991206802,-0.8021199785709181,0.5909898790653857,0.0885840679352584,-0.0912102272703077,1.3358678639782162,-0.0078246180439286,-0.1954226490369406,-0.7365183882817569,1
0.2779712439305289,2.161310335264548,-0.8090738535252753,-0.0507442970933209,-0.7877456051814006,0.6459839043239203,-0.0597224411136881,-0.0273935084848685,-0.1487228726761778,-0.772041275586775,-0.6433086346198226,1.5013302242612483,1
1.2672031914923416,1.1765409956031294,0.8601219962131234,0.5723732821749343,1.6363555162566472,-1.2179842312358289,1.6585538797865051,0.6377403333046996,-0.9090622905710858,0.0397980832428849,-0.5435072497693183,-0.2243499299909878,1
-5.835516290676443,1.0970399112167497,-0.2182681621416318,-1.1242523740751365,1.8923391468491184,-0.4575001399348128,0.4956019021473302,-0.0367063570765254,0.1679207805265256,0.1974527457637472,-0.3389328449238505,-0.5200150955813657,0
-1.1971548477123246,0.7889056657370463,2.123977431945122,0.1468666274879938,-1.972642005776478,0.4843371506889321,0.4128471285858345,-0.3458011043639206,-0.2863235658567656,0.0223174140617262,-0.0212713095998112,-0.8807139000182461,1
2.109392184659468,0.4044368026375227,-1.168662226569103,-0.7338349488486658,-1.2106105726694825,-0.8362787929853989,-1.8972564631352804,0.1622816815962948,-0.2036620783992294,0.4865345065113053,1.6452955022070646,0.945781668703402,1
-3.202875030607468,1.862326495938013,-1.0342697682467403,0.1939955420033457,-0.3598309986878858,-1.168223198387646,-0.127243386113339,-1.0069372158970045,-0.2510929425758944,0.3000917032799559,0.9491152451482148,-0.9869683439165656,1
-5.635990025789457,2.0598765447852068,0.4041014402732785,-0.4341538481277335,0.9156441231227394,-1.670582017045873,-1.0044949160029286,0.2997195192745924,0.272955214182521,-0.9430605657036252,-0.5312735504473359,0.446503986661787,1
-3.625454574194906,-5.348449671608998,1.608482910458502,0.0191990400566761,-0.1236416271894791,-0.6296248536901079,-1.0273235840858834,0.7255179841607862,-1.1484760078474725,0.9080763739023484,1.3116009363778869,2.298363209607292,0
1.7447789535287828,1.115704247725421,-1.132594954948854,-0.4190784957292931,-0.9789581803341108,-0.7815581645081409,-1.2783308731138268,-1.436530084007226,-0.213457603918854,-0.6630575527601192,0.2849244791302036,0.2443143188749888,1
2.950095016073069,2.247825692108002,2.261210274396213,-1.0850319463985785,2.0950977692974493,0.5636613426504753,0.2144688027334581,0.3129106125631105,-0.0670674254989947,-0.9941725604541466,-0.4886817101999472,2.235724471408391,1
2.9226332080201685,0.173271287849349,-1.3046915465059996,-0.0806719889321054,-0.6705894089303105,-0.3409686715623659,1.076395769329807,-1.2817628218711925,-0.0975423228611089,0.9005692847857346,0.3569828857668701,0.1272124227728367,1
3.181737246300052,1.4565921129008903,-0.3110803791720365,0.2524958129262271,0.0816429712543647,0.8782964785759726,-1.5947178665526565,0.2468913149838432,-0.4315262765670759,-1.9071121896299144,-0.3985251650490778,-0.2353579143624239,1
1.0954298622421583,-2.5959902896438383,-1.9091496297883133,-0.3955474578282079,1.6342530200360144,2.1107654159240337,0.501253658618106,-1.5818443573893193,-1.45869113227349,0.0912430394248019,0.6186611604977614,0.0718615113537466,0
2.502095915191357,1.324665771839333,-0.6861551707942537,0.1867152439818069,-0.7619816699861559,0.0928200747045107,0.8659343897263085,0.9463217554952114,-0.6202552768782396,-0.9358755173466828,-0.3505230950219203,-1.2635448899616466,1
-2.881506200934548,1.448417197254222,0.5292927964723269,1.027820222336916,-1.7054885237526138,1.0901395118040709,-0.1318817574031828,-1.379123174785719,-1.084828041463393,0.1392439906999482,-0.0561675018337105,2.1123980888073204,1
-1.747595388339505,1.9556679782981825,1.255781502635918,-0.2253711538950123,1.5862991138311855,-0.8676451745822854,-1.842904409910673,-0.9863541233982672,1.0627395767626349,-0.6070556748214421,0.0074359194041034,0.6153343338674775,1
-1.090397545967957,1.4678026561238169,1.0076428771432584,-0.4340077115322636,1.7181308135807178,-0.8617153781515916,0.4698296449142708,0.2491309879172821,-0.0695664680167398,-0.6592551038641619,0.1999119999920856,-0.930400438182006,1
1.6168194242747842,-2.042225596823195,-1.966126962752336,0.3085031622129282,1.2021005242288143,1.6071021807280932,1.2960534268207895,0.0721454651341958,-2.073152808357533,-0.6437435908612301,-0.3604414463813314,-0.4853100239955992,0
2.4688661113181416,1.444666083373188,-0.4495297109885853,-0.4890812212455895,-0.086633545016021,0.757919019287098,0.0728208295578252,-1.2102834821345858,-0.271087142425359,-0.0618575247166627,1.0903776837075283,-0.410438045217787,1
-3.008233047227848,-0.4008979715183891,0.0945931912989323,-0.9822733495987652,2.827320255078848,0.7885729955700128,0.613915685140457,-0.1725681691015937,0.8194070889700737,0.6879364905497262,-0.8630834012512774,0.3093295576775419,0
-4.884922447691984,2.450345675918327,-0.6176092690082583,0.3027517284601284,-0.063490619597282,0.5777995025400282,0.0647836719815071,0.255798446128767,0.8103907665227942,0.1539869024051751,-0.0611583689477676,-0.3354191142932336,1
0.8850213375061113,0.0616241058179998,3.696611660112492,-1.496184413160523,-0.4548223769067287,-0.1114136375617062,-0.7568806126409848,-0.1075622288464251,-0.7277864911002379,1.196834942009794,1.0761204649512783,2.2662587673738748,1
-1.8589477214159849,1.723723478515385,0.8014023928613533,-0.4572206620910021,1.5752838528135544,-0.9087287149241484,1.3165799257268975,-0.0656639078648132,0.382841745850389,1.1864700059314088,-0.7373857528691579,0.4807228579298697,1
-2.766921093032833,1.667664802346661,-1.7914624631909712,-0.3997462504766373,-1.287512084343572,-0.5772162798325364,0.8114382987445156,-0.115412333242754,-0.2466409049868501,0.3393503528941733,-0.0147178036033213,-0.6227664261721252,1
-2.9167136678647623,0.2090210216899766,1.27071576669122,-0.5372063533265664,-2.411058911264368,-0.7767339995738999,0.0417632877182121,-1.438879286193074,-0.8113815524839458,-0.0222343695263196,0.9798006110162848,-1.4920261696718464,1
-1.7982068162732252,-2.8110332671322835,-2.673815319470441,1.3261053609156288,0.1123403580964604,-0.165294108335133,0.0642900864462179,-0.8030199434413058,-0.1551203675085666,0.5826287057031192,0.5677472104855817,-0.2403765404200828,0
2.063451355534031,1.0984419757434565,-1.1693021470756937,-0.4830356289081353,-0.9039946961356768,-0.5508472189776582,-1.6436030287473546,-1.637193040287866,0.5437150987193781,-0.3182560430053732,-0.0567256909484563,0.1836873285217117,1
-4.556828153563907,1.2080920448395318,-1.3702299367348298,4.227672158734783,0.2943420509931673,2.006967134813791,-0.1437317143151703,1.0032182190403134,0.0221721825085848,-0.1406176582273193,-0.8782820898572022,-1.1273880283483189,0
-1.05154534138432,-1.265074479365867,-2.4764709849980564,-0.6471801728148054,0.1397937344297122,0.7454179222333357,1.1158263554653955,-1.5293448293452117,0.0754068829697023,1.681706540755535,-0.2132303142277857,0.867733004681739,0
0.9704059636638528,0.75907648488961,2.840212786402025,-0.2275566231039169,-0.8858854296099457,2.190983346740089,-0.7454112823290561,0.4637713128406647,-0.3417024695125892,-1.6369032775726489,-0.6416976112894457,0.9737672870521252,1
0.3138208601484703,1.1920674905852586,-1.2778504115305298,-0.4248824591141154,-1.1166828864845657,-0.0286651884840913,1.7136434655000503,-0.345911291931252,-0.2256857307718152,0.8212926519680962,-0.4952966657905928,0.286965141941712,1
2.44000828722272,-1.3745214894560125,-1.5832968724119785,-1.4357289532165298,1.176704376846017,2.455162245273648,-0.9667439128163644,0.8680708168342636,-0.5222594622421765,0.6083979908088631,0.6912724637908682,-0.9745134841014949,0
2.0721636262236327,0.3586627406128788,1.89576747246726,0.1999487454088396,-1.7905357091759655,-0.1593062846888239,0.312494251567094,-1.5435108974676623,-0.239857583164383,0.4862478702604416,0.5048015221238903,-0.8513821987262381,1
-2.930059428930314,2.076687091112616,-0.791510765861313,0.5071097295776861,-0.4773613907513255,-0.7018156989440065,-0.7629635776932353,-0.9522497034622542,-0.0809640632062148,-0.3791564860640231,0.0638871472688239,1.1302808989151854,1
0.1871415146148575,1.4388430508312624,1.0182827678877375,3.447887069609568,2.0297270334170943,-1.4389183672047303,-0.7740290256759185,-1.2413382520597072,0.1676423206527974,1.1029978040405986,-0.7363688780148825,1.3398721821744408,1
-4.062757893334914,-3.8144167246518905,-0.3368641334855853,-0.3536151416656921,-1.2859984054032787,0.9027048861822128,0.911638836847046,1.6596851328857625,1.1075928362305996,0.2600379608792476,-1.9227168235010488,-0.4314429911465515,0
2.7249694319367785,-0.1707102838617181,-1.479610304853746,-0.4991450857093042,4.173951200581772,2.9285646851489138,-1.052827883454115,-0.3396493503218278,-3.58769812484664,0.4513378687944244,1.5200473572197082,2.3426173946942885,0
1.0665301369436169,-0.7565034044187174,0.0405817669583082,-0.8636491368301731,1.9870894707590243,-1.2946764933227524,-0.3412608500558232,-0.732150646307307,0.8176328849833983,0.4850222179362046,0.6871998738376454,-0.5711753990604795,1
1.8714470013384747,1.1071958446387784,1.2589406985773262,-1.0362378106632557,1.7401219407598714,-0.7719051874229571,-0.9582711897640146,-0.2152789593434687,0.5039650149494505,-0.5632493599407489,-0.8342539327590358,0.7939439496970238,1
1.006842625036282,-0.8936006278374077,-1.819480068957656,-0.9705525305934836,1.408284493688806,2.7679548879180533,1.045799756822215,-0.3663491087904401,-0.2764169028474308,0.7132901685758792,-1.238711529145067,0.3662959511052833,0
-5.601661730159806,2.6120410914755365,-1.2580035537518357,0.2834262337845014,-1.2242807402560651,0.7081358845046348,-1.8842112421172303,1.6626866501751103,0.3055371756105079,0.43120095914564,0.8599173015071008,1.5611196802725726,1
-0.8820281243136506,1.6400294525070012,0.7942596084257042,-1.7290579109163684,1.3417329233193405,-0.5129317947609969,0.9052859483959244,1.6151628796141313,0.9149312947736856,2.1742923070039337,0.5840708921369061,1.3815780785413376,1
2.162196585539085,1.9917185854204649,0.098885867555625,3.1318063077713543,0.1972567994758732,1.7265818039197518,-0.5441676096673815,-1.0099527947563425,1.1057001853347408,0.568155286293924,0.6529296986489479,-0.2996424552119298,1
-5.384157966989852,-1.1742504044799158,-2.2981042665694584,0.6283963823346973,-0.1097620012912532,1.0783653973776737,-0.7782050784832915,0.3867792408688955,1.1658560470291943,-0.2036036525512021,0.027821005505126,-0.8180933534025436,0
2.6343147598259007,1.8746574869699315,1.8678926860328324,-2.171733929322333,2.6878129727031137,0.9903949470456388,-0.4036055962068852,-1.051986089485288,1.0936483629566902,-0.1802510878675861,0.8545791373566062,-0.1918455075442756,1
-2.923379389806835,1.7675661063313817,-0.7168588279169292,-0.0263132834985327,-0.269752362447049,-0.3743647970542328,0.2049165458514553,0.0518175913129269,0.4927746049309043,0.4124911964673227,-0.0842739360530314,-0.5659610938177765,1
-2.015626079896812,2.3514033039500823,1.1011228555919392,0.4205550611858781,2.223532656151957,-0.9773727354519658,-1.2199215929081986,-0.7914668030913737,-0.2410243613840358,-0.1496125936075491,0.1952824663862653,1.3598843995403678,1
1.5285896409398572,0.5824485127097532,4.785670957530519,-1.0737750475202623,1.0022045064136795,2.3610508642338885,0.7449300231766351,-0.3259376615725395,0.1024193558843012,0.2656079614939095,-0.2394991133447429,0.6776458263009836,1
-2.210766385420473,2.253960560666511,-0.2225182539108032,-0.6744208629913186,0.0353299061372245,0.610344559697979,-0.1155224498049798,0.6905112492444502,0.4633143116125371,-0.9631363654042084,0.0798490717443148,-1.2138245864160009,1
-6.370470958308521,2.503337352308028,0.5723900963160483,-0.4416238389367504,1.1539087090297917,-0.7122015809009123,1.6606145953803872,0.4385845413918877,0.0406506968149957,0.7045454767255738,-0.3541303622384137,0.8158656995137675,1
-1.6681854292531817,1.8515503724856184,-0.6513538414357475,-0.8251113073932422,-0.3426980593607061,-0.529675338553509,0.2235589362705788,0.4638064719066258,-0.6223893392958353,1.8853166662482213,2.113892850387575,0.745491905859142,1
-2.006789351493736,-4.865972415877826,-0.8651365021750187,-0.2745980377953903,0.2044060911101998,2.0719824171486447,-0.1264697093922464,1.54473920405479,-1.3206878010138374,-2.09072447576778,-0.338311736216734,-1.8587217809706909,0
0.0480488493610102,1.9332982045643357,1.5969410736705985,-0.3511384105134143,2.0923554971495366,-0.0980065897218938,-1.5010155266502838,0.0922951151611863,0.959922908238456,-1.0931137272011926,-0.6537085652658126,0.6431961648058077,1
3.2692565367030757,0.7713504383166441,0.9750251945179144,-1.0721698491936942,1.082861804977066,-0.945750692277121,0.5134381175924241,1.4838452427064432,0.7091052846287009,1.993459120046172,0.7764361434600295,0.7943049974337018,1
-1.231150109786586,-1.6326406788075234,0.7087937816121959,-0.7159036744799315,-1.2051753788888893,0.3973091883981204,-1.942916053163362,-2.1815094819744987,0.1077155141537903,-0.0600233855965374,-0.5208868811257756,-0.1232625908633902,0
-2.6346680648661667,-2.80905781477821,-3.2611361208311584,0.0029068449086814,-0.256973108663048,-0.4174585367394892,0.1506721917460708,0.7633194502391895,0.770283850645903,0.3798105143721317,-0.6804727316567557,-0.7761492928056848,0
-6.119272406363943,2.675153653616911,-0.9158319679021248,-0.7246626810260305,-0.4981389402837491,0.2844127945776166,0.6165561543422021,0.1798770713111967,0.7833185694235352,0.5049060647221564,-0.2062650073677451,0.0473993593290259,1
1.895799883878692,0.8307616415179334,-1.185556364069436,0.4161683351222067,-0.9829889202352208,-0.096508617823044,-0.1641175731171672,1.1155793600563515,-0.8151871076624143,1.1848788147210398,0.2164098197371773,2.264545350267953,1
2.3316530652001903,1.074659942842265,1.7906875526649226,-1.338578355353783,1.1293600263260208,-0.1595547651214928,0.3633304008355748,0.8590077738356219,0.8892079463270826,-0.2648146865535583,-0.9131796001305847,-1.0004851276314024,1
-2.950944291452472,-0.966559560225238,-2.457220870914712,-0.7741883924995374,-0.1114602508311817,0.2845405727820661,0.2058429850007175,-1.332200549432416,-0.3904208369567315,0.5844186462346244,0.5995281595194161,-0.3539556266949792,0
-0.0034429883445568,1.5932836949953737,-1.321746277087928,-0.862496566956097,-0.7731697964902134,0.9901304616198048,1.4961909407006997,-0.3109619657577753,0.8686812610048894,0.9969388537442804,-0.8180412376800937,0.6339585211773686,1
-2.9610687469608608,1.5568385586836666,-1.486632113177864,0.608329396899208,-1.2059754706899104,-0.5709833289830316,-0.8055668273764298,-0.0814157901246896,-0.5429693707132381,-0.7161929728188184,-0.4485079479887503,0.5280348620486423,1
0.6758674951590985,1.4629129751693293,-1.1698566325967228,-0.7465464985157705,-0.5907646153941485,0.3877594431981048,1.688256864749071,0.2341068553542629,-1.1432492394174032,-0.1102031160144504,-0.3160738800280302,-0.2189964086486652,1
0.6202415315212785,1.4886845023257016,-1.0959238904428923,0.0424617354103211,-0.8019525116081863,-0.4594831769517595,-1.43949190955577,-1.4589500286575154,-0.4116342650311365,-0.719114919820067,0.3178712132980498,0.2137345212216778,1
-2.596418865866408,2.1069978708535806,0.7639443008337555,-0.7040484166854509,1.168936417551696,-1.3816039580365342,0.0050298331089477,0.2581747870491836,0.7833641404026904,-0.3558130112712667,0.0742425813020146,-1.2206631854596433,1
2.5503914676736508,0.3006788197880232,-1.731315507399651,-0.0166627141233486,-1.1979167527226084,-1.4783879813436358,-1.864142903367976,-1.6215602709048595,0.8317427800482886,-0.2333305664552462,-0.2029688336454476,-0.3697454595988157,1
-5.59130931484383,2.241880584963611,-1.0350749480654773,-0.8206195980025165,-0.6062778101514814,-0.2705002721430718,-1.1297796240075195,0.0906081090266729,0.7040390974205634,-0.6379536322728945,-0.6212670217523169,0.7451728910256246,1
-3.860885676755245,0.5792198206936489,-1.5255093270804505,-0.297809701289309,0.8594792426709411,1.3530885169403002,-0.139385459102762,0.1529691090941813,0.1407741999522049,2.3457748908545915,1.3107921264211209,1.168051412203032,0
2.7196490165286047,0.3123292484749057,-1.391665987828916,0.161678638164468,-1.0795353426694696,-0.8640117085952104,-0.2699625338627207,-1.341940349475238,0.4034015601471616,0.5392831935612673,-0.5074120218135768,1.6013875446515191,1
0.5117263696577333,1.4374643468024615,-1.4556458219293886,0.0409415008303761,-1.162062385283787,0.1242093660980523,2.0386704120035,1.2725795190276885,0.459497995520329,0.843311244595335,-1.95409155350704,0.162163380052964,1
0.4528743786104752,1.5905787837472765,0.7674869431540008,-0.3923231602981635,1.3465419699104526,-1.2921400021315934,0.3513201587781285,-0.1337925131954407,0.794905133147744,0.5455283902930544,-0.4540821147234027,-0.7154556212266356,1
2.6471267570132904,0.4461291593269925,-1.6266303301631857,0.1719242704821749,-1.0168812204715765,-0.9146083010972438,0.1876484058595217,0.2230929614993523,0.3595053381905841,-0.2780101116215672,-0.4611420897556299,-1.823756060116412,1
1.9403149573919665,1.3848003604917305,-1.3880933903627273,-0.9445490417081532,-0.4993908302714114,0.0284920043161186,0.7650593947336354,-1.4101209065327964,0.3050808827483598,1.120548656811143,0.3126900546972707,0.1560103321832523,1
1.9837913856148095,1.3530506350811071,1.2255560636123055,-0.0753128134972919,1.5934273622900954,-0.9967460773645046,0.9425381030124554,0.6686245541900551,0.0675975207102074,-0.0780270329628559,-0.4548238285891066,-0.4815772459150235,1
3.886245617354533,0.6211336988771962,-0.6378324867496813,-0.9969279494878344,-0.1631763497613364,0.4614633369514734,-0.4096733065840379,0.2573358869612064,-1.099292812543698,-1.7472125922891792,-0.4344902907721473,0.3970712350433036,1
-0.3254216921355986,2.452460789356385,1.5292529453104724,0.1947318683980836,2.057052851731742,-0.6165799975219189,-1.3532420932439304,0.475040898709778,0.0955165889568454,-1.626363975512764,-0.1120733367578191,0.4742951690524381,1
-2.1406264649525317,2.002438609402904,1.086733041214327,0.1227999786232436,1.2677867472716695,-0.8794429622277935,-0.2032021231565997,0.7840970245770836,1.5836569842845138,-0.1834181178574006,-0.6029092508510018,-1.1449104377274766,1
3.1032221678303897,1.0330179406860829,-0.0029218572897927,-0.5479528500011489,-0.0716534967545207,0.921287029793026,-1.866105722377851,1.5716433650835435,-1.3187128843133498,-0.9736254121976168,1.829416060119102,0.9138745067498366,1
-0.2573655880118792,0.21166754904126,2.18648007873682,-0.0308980090611644,-1.9975436980177128,0.5228590595768868,1.391156873600212,-1.4444757319194328,-0.4486981898290292,1.1283850207492263,0.2391055874496454,0.6060417205553039,1
-2.2885980478631787,-1.42766392574728,-2.062725659069328,-1.0835962875826064,0.5795034893720712,1.3872278928560946,-0.6566052875960746,0.213231952220565,-0.2743088120254879,-1.4830101985936317,0.8019979989799356,-1.4864850076783902,0
2.756589611925659,0.4587744904610569,-1.0294637290410078,-0.0733845731206114,-0.9411147380615013,-0.6526636798077018,-1.1723184537498643,-1.2726108445914457,0.601763790767039,-0.129454304716031,-0.0515508057305388,0.8561135681263147,1
-4.925667657388975,2.2725060087224143,-0.5605035933909245,0.775476712409039,-0.5057165322258188,-0.4706116773545469,-1.1727805389245398,0.33734498508675,-0.6549250038093899,-1.7108293816351343,0.0490344306387828,0.1480671240965701,1
-0.1260699352863304,-3.862183635928547,1.7793464879474818,-0.2504095744323136,0.5394120487340629,0.4288280650522155,1.3232083851881666,-0.2014570486462215,-0.8804273098377324,0.3035585588698906,-1.2463364857803965,-0.5594463976193226,0
0.5465941349786324,1.4885090800790255,-1.3014865978144372,-0.4832638071767077,-0.6266484542877937,0.3850153704781535,1.7070755030546754,-0.3720696907223755,-0.5439436568202268,0.764262668132891,-0.4247881273450772,0.3607073571481334,1
1.6999033242250858,0.916934274211545,-0.9390053915491776,-1.160504127426141,-1.4501883654645789,-0.8240736842688905,-0.7926935335368742,1.905493097193284,-1.6454657459982058,-0.752470662035174,1.156522193385416,0.6035172807641694,1
-0.9219674206223,1.7372903720377464,-1.4381510066706331,-0.8431656700611264,-0.8830358676629675,0.5288893103557736,1.2513111177174474,-0.0723025060320518,0.213622583894649,0.2606096520278565,-0.2295655266727824,0.0529290828140153,1
3.1498077093785724,1.340196493003048,-0.5913454712421997,-1.4261072325715929,-0.1326127686265001,1.328927009415581,-0.4540129602783591,1.646563385522778,0.3494186322236262,0.9465474240665284,1.015209251793971,-0.1606220895640759,1
1.307229526439116,1.4983093454189669,-1.082916194767215,-0.8828153169696192,-0.8526629050753551,0.3851265794713981,-0.6704161365673951,-0.2426405815560607,1.6014868123113288,-0.4180844402577169,-0.0215521533303818,-1.649443286853667,1
-0.5053911490959582,1.3341818536989756,-1.4001713580776298,-0.0875684074832016,-0.9579432355639624,-0.4510097176450293,-1.1607296055831209,-1.4420770604120985,0.2090231799216002,0.0425177679939358,-0.1204788736296455,0.8552756606241934,1
-3.113326642110215,1.5177789377130702,-0.9329746459130284,0.6506737956185684,-0.481516688892081,-1.100605159937377,-0.1390823626531426,-1.088515238651701,-0.799243346228306,0.2505443156393621,-0.1061720057116394,1.6592218087264785,1
-5.444699203508291,2.068266796839344,0.6871385136680945,0.5208926821417876,1.094557085177567,-1.3362967742574468,0.4952177153780647,0.5144818243533952,-0.1818779682673684,-0.4504786740015971,0.2396155920245522,-0.8018974386467207,1
1.4521828480020056,-3.333528808345512,1.043685184468168,-0.742559162906428,-0.5479229926940551,1.3592268185268774,0.1599999732529558,-0.4403363736729572,-0.7507032490283023,-0.6485886506857115,-0.6563283856171311,-1.7477372383172294,0
2.2335444572531657,0.603990086223409,1.0099606716301903,3.0688840713677266,1.4541339521687389,-1.216462891076218,-0.91358939794245,0.4034144489462092,1.45540800190684,0.2056513709196286,-0.7168812738366735,-2.171748827815424,1
-0.4318047438287268,-0.2708377808938452,-1.3591912100785533,-0.3949758244253937,1.2494646039223456,2.4227936850373366,-0.6574709236762455,-1.736626534232388,-0.0603837519812132,0.3708184660890892,0.507775753208055,-0.3906043164898755,0
-2.733065638159383,1.926709374209228,0.443828511958516,-1.2195936259246218,1.3324358512460102,-1.1206089314902468,0.9908912882892243,0.1169125419862262,0.4411612816144188,0.2781576253651873,-0.3257229920587217,-0.2841001109656523,1
-6.609599989355585,2.3512340574222503,0.5652086818594586,-0.3252659826167245,0.8027148310691561,-1.6569452888241945,-1.4858332826837986,0.3557888032740198,0.3678046197546409,-1.2368375305128796,-0.3077285940026035,0.0505718844690354,1
-1.4960122361206667,-1.7212132642232372,-2.2931961293595418,0.2113274805589602,0.4783050376204343,0.7919443367493633,-0.2921769689711616,-1.4681703161679334,-0.3492396540549389,0.3617222714335902,0.5136511773706112,-0.7213561443310191,0
-1.8898943285342744,2.001280472589463,-0.7425196457814106,0.3952041153746484,-0.1264985889457114,-0.6614337189744305,-0.0208782341507744,-1.083191179868873,0.351775590964949,0.8420205392807545,0.5620147756106336,-0.441353433855133,1
-2.479998969433564,1.8513061315077453,0.5945270468280998,-0.9748748400646752,1.1640633612531153,-1.0501006803082968,0.7523605262769982,0.086945055211158,1.3203712104563945,0.6797963168198211,-0.6380632443464546,-0.1448858422851592,1
